,tms_loading,date_loading,id_vendor,vendor,os,brand,model,price,original_price,ram,memory,sim,gps,a_gps,color,display_type,display_size,carrier,battery_capacity,height,width,length,weight
0,2020-08-07 09:49:12.463207,2020-08-07,2,Unieuro,Android  ,Samsung,Galaxy A30s,€189.90,€259.90,4   GB,128   GB,Doppia SIM  ,Sì  ,,Nero  ,SAMOLED  ,"6.4   """,No,4000   mAh,158.5   mm,74.7   mm,7.8   mm,169   g
1,2020-08-07 09:49:43.211263,2020-08-07,2,Unieuro,Android  ,Samsung,Galaxy A20e,€139.90,€169.90,3   GB,32   GB,Doppia SIM  ,Sì  ,Sì  ,Nero  ,PLS  ,"5.8   """,No,3000   mAh,147.4   mm,69.7   mm,8.4   mm,141   g
2,2020-08-07 09:50:23.591416,2020-08-07,2,Unieuro,Android  ,Xiaomi,Redmi Note 8T 16,€160.00,€229.90,4   GB,64   GB,Doppia SIM  ,Sì  ,Sì  ,Grigio  ,IPS  ,"6.3   """,No,4000   mAh,161.15   mm,75.4   mm,8.6   mm,199.8   g
3,2020-08-07 09:51:00.566272,2020-08-07,2,Unieuro,Android  ,Samsung,Galaxy A51,€268.90,€379.90,4   GB,128   GB,Doppia SIM  ,Sì  ,Sì  ,Nero  ,SAMOLED  ,"6.5   """,No,4000   mAh,158.5   mm,73.6   mm,7.9   mm,172   g
4,2020-08-07 09:51:57.320337,2020-08-07,2,Unieuro,Android  ,Samsung,Galaxy S10 Lite,€499.00,€679.00,8   GB,128   GB,Doppia SIM  ,Sì  ,Sì  ,Nero  ,SAMOLED  ,"6.7   """,No,4500   mAh,162.5   mm,75.6   mm,8.1   mm,186   g
5,2020-08-07 09:52:35.345527,2020-08-07,2,Unieuro,Android  ,Huawei,P30 lite,€229.00,€299.90,4   GB,128   GB,Dual SIM ibrida  ,Sì  ,Sì  ,Nero  ,IPS  ,"6.15   """,No,3340   mAh,152.9   mm,72.7   mm,7.4   mm,159   g
6,2020-08-07 09:53:13.338630,2020-08-07,2,Unieuro,Android  ,Samsung,Galaxy A30s,€189.90,€259.90,4   GB,128   GB,Doppia SIM  ,Sì  ,Sì  ,Bianco  ,SAMOLED  ,"6.4   """,No,4000   mAh,158.5   mm,74.7   mm,7.8   mm,169   g
7,2020-08-07 09:53:45.595265,2020-08-07,2,Unieuro,Android  ,Samsung,Galaxy Note10 Lite,€479.00,€629.00,6   GB,128   GB,Doppia SIM  ,Sì  ,Sì  ,Blu  ,SAMOLED  ,"6.7   """,No,4500   mAh,163.7   mm,76.1   mm,8.7   mm,199   g
8,2020-08-07 09:54:25.957419,2020-08-07,2,Unieuro,Android  ,Samsung,Galaxy,€595.00,€929.00,8   GB,128   GB,Doppia SIM  ,Sì  ,Sì  ,Grigio  ,Dynamic AMOLED  ,"6.2   """,No,4000   mAh,151.7   mm,69.1   mm,7.9   mm,163   g
9,2020-08-07 09:55:24.068826,2020-08-07,2,Unieuro,Android  ,Xiaomi,Mi Note 10 Lite,€275.00,€399.00,6   GB,128   GB,Doppia SIM  ,Sì  ,,Nero  ,AMOLED  ,"6.47   """,No,5260   mAh,157.8   mm,74.2   mm,9.67   mm,204   g
10,2020-08-07 09:55:57.911211,2020-08-07,2,Unieuro,Android  ,Xiaomi,Redmi Note 8T 16,€169.00,€229.90,4   GB,64   GB,Doppia SIM  ,Sì  ,Sì  ,Grigio  ,IPS  ,"6.3   """,No,4000   mAh,161.15   mm,75.4   mm,8.6   mm,199.8   g
11,2020-08-07 09:56:36.431265,2020-08-07,2,Unieuro,Android  ,Samsung,Galaxy A20e,€139.90,€169.90,3   GB,32   GB,Doppia SIM  ,Sì  ,Sì  ,Bianco  ,PLS  ,"5.8   """,No,3000   mAh,147.4   mm,69.7   mm,8.4   mm,141   g
12,2020-08-07 09:57:24.624491,2020-08-07,2,Unieuro,Android  ,Samsung,Galaxy A30s,€189.90,€259.90,4   GB,128   GB,Doppia SIM  ,Sì  ,Sì  ,Verde  ,SAMOLED  ,"6.4   """,No,4000   mAh,158.5   mm,74.7   mm,7.8   mm,169   g
13,2020-08-07 09:58:03.107973,2020-08-07,2,Unieuro,Android  ,Samsung,Galaxy A71,€369.90,€479.90,6   GB,128   GB,Doppia SIM  ,Sì  ,Sì  ,Argento  ,SAMOLED  ,"6.7   """,No,4500   mAh,163.6   mm,76   mm,7.7   mm,179   g
14,2020-08-07 09:58:44.125130,2020-08-07,2,Unieuro,Android  ,Huawei,P30 lite,€229.00,€299.90,4   GB,128   GB,Dual SIM ibrida  ,Sì  ,Sì  ,Blu  ,IPS  ,"6.15   """,No,3340   mAh,152.9   mm,72.7   mm,7.4   mm,159   g
15,2020-08-07 09:59:25.319809,2020-08-07,2,Unieuro,Android  ,Samsung,Galaxy A20e,€139.90,€169.90,3   GB,32   GB,Doppia SIM  ,Sì  ,Sì  ,Blu  ,PLS  ,"5.8   """,No,3000   mAh,147.4   mm,69.7   mm,8.4   mm,141   g
16,2020-08-07 10:00:10.657888,2020-08-07,2,Unieuro,Android  ,Samsung,Galaxy A71,€369.90,€479.90,6   GB,128   GB,Doppia SIM  ,Sì  ,Sì  ,Nero  ,SAMOLED  ,"6.7   """,No,4500   mAh,163.6   mm,76   mm,7.7   mm,179   g
17,2020-08-07 10:00:56.092158,2020-08-07,2,Unieuro,Android  ,Samsung,Galaxy S10 Lite,€499.00,€679.00,8   GB,128   GB,Doppia SIM  ,Sì  ,Sì  ,Bianco  ,SAMOLED  ,"6.7   """,No,4500   mAh,162.5   mm,75.6   mm,8.1   mm,186   g
18,2020-08-07 10:01:41.809594,2020-08-07,2,Unieuro,Android  ,Samsung,Galaxy A51,€268.90,€379.90,4   GB,128   GB,Doppia SIM  ,Sì  ,Sì  ,Bianco  ,SAMOLED  ,"6.5   """,No,4000   mAh,158.5   mm,73.6   mm,7.9   mm,172   g
19,2020-08-07 10:02:36.430797,2020-08-07,2,Unieuro,Android  ,Samsung,Galaxy S10 Lite,€499.00,€679.00,8   GB,128   GB,Doppia SIM  ,Sì  ,Sì  ,Blu  ,SAMOLED  ,"6.7   """,No,4500   mAh,162.5   mm,75.6   mm,8.1   mm,186   g
20,2020-08-07 10:03:17.289685,2020-08-07,2,Unieuro,Android  ,Samsung,Galaxy A71,€369.90,€479.90,6   GB,128   GB,Doppia SIM  ,Sì  ,Sì  ,Blu  ,SAMOLED  ,"6.7   """,No,4500   mAh,163.6   mm,76   mm,7.7   mm,179   g
21,2020-08-07 10:03:57.104812,2020-08-07,2,Unieuro,Android  ,Samsung,Galaxy A51,€268.90,€379.90,4   GB,128   GB,Doppia SIM  ,Sì  ,Sì  ,Blu  ,SAMOLED  ,"6.5   """,No,4000   mAh,158.5   mm,73.6   mm,7.9   mm,172   g
22,2020-08-07 10:04:48.203552,2020-08-07,2,Unieuro,Android  ,Samsung,Galaxy Note10 Lite,€479.00,€629.00,6   GB,128   GB,Doppia SIM  ,Sì  ,Sì  ,Nero  ,SAMOLED  ,"6.7   """,No,4500   mAh,163.7   mm,76.1   mm,8.7   mm,199   g
23,2020-08-07 10:05:34.884582,2020-08-07,2,Unieuro,Android  ,Huawei,P30 lite,€229.00,€299.90,4   GB,128   GB,Dual SIM ibrida  ,Sì  ,Sì  ,Bianco  ,IPS  ,"6.15   """,No,3340   mAh,152.9   mm,72.7   mm,7.4   mm,159   g
24,2020-08-07 10:06:11.342025,2020-08-07,2,Unieuro,Android  ,realme,5,€169.00,€199.90,4   GB,128   GB,Doppia SIM  ,Sì  ,Sì  ,Blu  ,IPS  ,"6.5   """,No,5000   mAh,164.4   mm,75.6   mm,9.3   mm,198   g
25,2020-08-07 10:06:50.263447,2020-08-07,2,Unieuro,Android  ,Motorola,one Macro,€149.90,€209.99,4   GB,64   GB,Dual SIM ibrida  ,Sì  ,Sì  ,Blu  ,IPS  ,"6.2   """,No,4000   mAh,157.6   mm,75.41   mm,8.99   mm,186   g
26,2020-08-07 10:07:29.556503,2020-08-07,2,Unieuro,Android  ,ASUS,ZenFone Max (M1) nero,€119.00,€159.99,3   GB,32   GB,Doppia SIM  ,Sì  ,Sì  ,Nero  ,,"5.5   """,No,4000   mAh,8.7   mm,147.3   mm,70.9   mm,150   g
27,2020-08-07 10:07:55.136612,2020-08-07,2,Unieuro,Android  ,Motorola,moto g8 power,€199.00,€249.99,4   GB,64   GB,,Sì  ,Sì  ,Nero  ,IPS  ,"6.4   """,No,5000   mAh,155.95   mm,75.84   mm,9.63   mm,197   g
28,2020-08-07 10:08:28.092544,2020-08-07,2,Unieuro,Android  ,Huawei,P40 lite E,€179.90,€199.90,4   GB,64   GB,Doppia SIM  ,Sì  ,,Nero  ,IPS  ,"6.39   """,No,4000   mAh,159.81   mm,76.13   mm,8.13   mm,176   g
29,2020-08-07 10:08:50.940485,2020-08-07,2,Unieuro,Android  ,Samsung,Galaxy S10 SM-G973F/DS,€579.00,€779.00,8   GB,128   GB,Dual SIM ibrida  ,Sì  ,Sì  ,Nero  ,Dynamic AMOLED  ,"6.1   """,No,3400   mAh,149.9   mm,70.4   mm,7.8   mm,157   g
30,2020-08-07 10:09:58.006458,2020-08-07,2,Unieuro,Android  ,Samsung,Galaxy A41,€239.90,€299.90,4   GB,64   GB,,Sì  ,,Nero  ,SAMOLED  ,"6.1   """,No,3500   mAh,149.9   mm,68.9   mm,7.9   mm,152   g
31,2020-08-07 10:10:29.178474,2020-08-07,2,Unieuro,Android  ,P30,lite New Edition,€279.00,€349.90,6   GB,256   GB,Dual SIM ibrida  ,Sì  ,Sì  ,Blu  ,IPS  ,"6.15   """,No,3340   mAh,152.9   mm,72.7   mm,7.4   mm,159   g
32,2020-08-07 10:11:11.090609,2020-08-07,2,Unieuro,Android  ,Xiaomi,Redmi Note 8 Pro,€223.00,€299.90,6   GB,128   GB,Dual SIM ibrida  ,Sì  ,Sì  ,Nero  ,,"6.53   """,No,4500   mAh,161.35   mm,76.4   mm,8.79   mm,199.8   g
33,2020-08-07 10:11:54.778644,2020-08-07,2,Unieuro,Android  ,Samsung,Galaxy A21s SM-A217F/DSN,€179.90,€209.90,3   GB,32   GB,Doppia SIM  ,Sì  ,,Nero  ,PLS  ,"6.5   """,No,5000   mAh,163.7   mm,75.3   mm,8.9   mm,192   g
34,2020-08-07 10:12:18.213356,2020-08-07,2,Unieuro,Android  ,Samsung,Galaxy A30s,€199.00,€279.00,4   GB,64   GB,Doppia SIM  ,Sì  ,,Bianco  ,SAMOLED  ,"6.4   """,No,4000   mAh,158.5   mm,74.7   mm,7.8   mm,169   g
35,2020-08-07 10:12:54.305478,2020-08-07,2,Unieuro,Android  ,Oppo,A9 2020,€189.00,€229.00,4   GB,128   GB,Doppia SIM  ,Sì  ,Sì  ,Verde  ,TFT  ,"6.5   """,No,5000   mAh,163.6   mm,75.6   mm,9.1   mm,195   g
36,2020-08-07 10:13:33.011015,2020-08-07,2,Unieuro,Android  ,Huawei,P30 lite New Edition,€279.90,€349.90,6   GB,256   GB,Dual SIM ibrida  ,Sì  ,Sì  ,Nero  ,IPS  ,"6.15   """,No,3340   mAh,152.9   mm,72.7   mm,7.4   mm,159   g
37,2020-08-07 10:14:12.101860,2020-08-07,2,Unieuro,Android  ,Xiaomi,Redmi Note 9,€199.90,€229.90,4   GB,128   GB,Doppia SIM  ,Sì  ,,Grigio  ,,"6.53   """,No,5020   mAh,162.3   mm,77.2   mm,8.9   mm,199   g
38,2020-08-07 10:14:38.816252,2020-08-07,2,Unieuro,Android  ,Samsung,Galaxy S20 Ultra,€1299.00,€1379.00,12   GB,128   GB,Doppia SIM  ,Sì  ,Sì  ,Nero  ,Dynamic AMOLED  ,"6.9   """,No,5000   mAh,166.9   mm,76   mm,8.8   mm,220   g
39,2020-08-07 10:15:35.986334,2020-08-07,2,Unieuro,Android  ,Huawei,P40 lite,€249.90,€299.90,8   GB,128   GB,Dual SIM ibrida  ,Sì  ,Sì  ,Verde  ,LCD  ,"6.4   """,No,4200   mAh,159.2   mm,76.3   mm,8.7   mm,183   g
40,2020-08-07 10:16:22.857997,2020-08-07,2,Unieuro,Android  ,Huawei,Y5p,€95.00,€109.90,2   GB,32   GB,Doppia SIM  ,Sì  ,,Blu  ,IPS  ,"5.45   """,No,3020   mAh,146.5   mm,70.94   mm,8.35   mm,144   g
41,2020-08-07 10:16:47.231236,2020-08-07,2,Unieuro,Android  ,Xiaomi,Redmi Note 8 Pro,€227.00,€299.90,6   GB,128   GB,Dual SIM ibrida  ,Sì  ,Sì  ,Verde  ,,"6.53   """,No,4500   mAh,161.35   mm,76.4   mm,8.79   mm,199.8   g
42,2020-08-07 10:17:29.841412,2020-08-07,2,Unieuro,Android  ,Oppo,A5 2020,€139.00,€179.00,3   GB,64   GB,Doppia SIM  ,Sì  ,Sì  ,Nero  ,TFT  ,"6.5   """,No,5000   mAh,163.6   mm,75.6   mm,9.1   mm,195   g
43,2020-08-07 10:18:04.842414,2020-08-07,2,Unieuro,Android  ,Huawei,P40 lite,€249.90,€299.90,8   GB,128   GB,Dual SIM ibrida  ,Sì  ,Sì  ,Nero  ,LCD  ,"6.4   """,No,4200   mAh,159.2   mm,76.3   mm,8.7   mm,183   g
44,2020-08-07 10:18:54.643554,2020-08-07,2,Unieuro,Android  ,Huawei,P Smart 2019,€159.90,€199.90,3   GB,64   GB,Doppia SIM  ,Sì  ,Sì  ,Blu  ,TFT-LCD  ,"6.21   """,No,3400   mAh,155.2   mm,73.4   mm,7.95   mm,160   g
45,2020-08-07 10:19:15.596803,2020-08-07,2,Unieuro,Android  ,Huawei,P smart 2019,€159.00,€199.90,3   GB,64   GB,Doppia SIM  ,Sì  ,Sì  ,Nero  ,TFT-LCD  ,"6.21   """,No,3400   mAh,155.2   mm,73.4   mm,7.95   mm,160   g
46,2020-08-07 10:19:35.157417,2020-08-07,2,Unieuro,Android  ,Huawei,Y6p 16,€137.00,€159.90,3   GB,64   GB,Doppia SIM  ,Sì  ,,Nero  ,IPS  ,"6.3   """,No,5000   mAh,159.07   mm,74.06   mm,9.04   mm,185   g
47,2020-08-07 10:20:03.624648,2020-08-07,2,Unieuro,Android  ,Huawei,P smart 2020,€177.00,€199.90,4   GB,128   GB,Dual SIM ibrida  ,Sì  ,,Blu  ,LCD  ,"6.21   """,No,3400   mAh,153.36   mm,73.55   mm,8.2   mm,163   g
48,2020-08-07 10:20:24.974220,2020-08-07,2,Unieuro,Android  ,Samsung,Galaxy A21s SM-A217F/DSN,€179.90,€209.90,3   GB,32   GB,Doppia SIM  ,Sì  ,,Bianco  ,PLS  ,"6.5   """,No,5000   mAh,163.7   mm,75.3   mm,8.9   mm,192   g
49,2020-08-07 10:20:47.707437,2020-08-07,2,Unieuro,Android  ,Motorola,one Fusion+,€259.00,€299.90,6   GB,128   GB,SIM singola  ,Sì  ,,Blu  ,IPS  ,"6.5   """,No,5000   mAh,162.9   mm,76.9   mm,9.6   mm,210   g
50,2020-08-07 10:21:22.174759,2020-08-07,2,Unieuro,Android  ,ASUS,ZenFone 6,€399.00,€499.00,6   GB,64   GB,Doppia SIM  ,Sì  ,Si  ,Nero  ,IPS  ,"6.4   """,No,5000   mAh,159.1   mm,75.44   mm,9.1   mm,190   g
51,2020-08-07 10:22:05.761217,2020-08-07,2,Unieuro,Android  ,Oppo,A9 2020,€179.00,€229.00,4   GB,128   GB,Doppia SIM  ,Sì  ,Sì  ,Porpora  ,TFT  ,"6.5   """,No,5000   mAh,163.6   mm,75.6   mm,9.1   mm,195   g
52,2020-08-07 10:22:43.066326,2020-08-07,2,Unieuro,Android  ,ASUS,ROG Phone ZS600KL-1A032EU smartphone,€399.00,€599.00,8   GB,128   GB,Doppia SIM  ,Sì  ,,Nero  ,AMOLED  ,"6   """,No,4000   mAh,8.3   mm,158.83   mm,76.16   mm,200   g
53,2020-08-07 10:23:04.506109,2020-08-07,2,Unieuro,Android  ,Motorola,Moto E 6s,€109.99,€129.99,2   GB,32   GB,Doppia SIM  ,Sì  ,,Blu  ,IPS  ,"6.1   """,No,3000   mAh,155.6   mm,73   mm,8.5   mm,160   g
54,2020-08-07 10:23:33.467326,2020-08-07,2,Unieuro,Android  ,Xiaomi,Redmi Note 9,€199.90,€229.90,4   GB,128   GB,Doppia SIM  ,Sì  ,,Verde  ,,"6.53   """,No,5020   mAh,162.3   mm,77.2   mm,8.9   mm,199   g
55,2020-08-07 10:24:04.080122,2020-08-07,2,Unieuro,Android  ,Samsung,Galaxy,€779.00,€1029.00,8   GB,128   GB,Doppia SIM  ,Sì  ,Sì  ,Blu  ,Dynamic AMOLED  ,"6.7   """,No,4500   mAh,161.9   mm,73.7   mm,7.8   mm,186   g
56,2020-08-07 10:25:05.516386,2020-08-07,2,Unieuro,Android  ,Samsung,Galaxy A41,€239.90,€299.90,4   GB,64   GB,,Sì  ,,Bianco  ,SAMOLED  ,"6.1   """,No,3500   mAh,149.9   mm,68.9   mm,7.9   mm,152   g
57,2020-08-07 10:25:35.868608,2020-08-07,2,Unieuro,Android  ,realme,5,€169.00,€199.90,4   GB,128   GB,Doppia SIM  ,,Sì  ,Porpora  ,,"6.5   """,No,5000   mAh,9.3   mm,75.6   mm,164.4   mm,198   g
58,2020-08-07 10:25:53.537272,2020-08-07,2,Unieuro,Android  ,Huawei,P40 lite E,€169.00,€199.90,4   GB,64   GB,Doppia SIM  ,Sì  ,,Blu  ,IPS  ,"6.39   """,No,4000   mAh,159.81   mm,76.13   mm,8.13   mm,176   g
59,2020-08-07 10:26:20.932320,2020-08-07,2,Unieuro,Android  ,Samsung,Galaxy,€779.00,€1029.00,8   GB,128   GB,Doppia SIM  ,Sì  ,Sì  ,Nero  ,Dynamic AMOLED  ,"6.7   """,No,4500   mAh,161.9   mm,73.7   mm,7.8   mm,186   g
60,2020-08-07 10:27:22.844815,2020-08-07,2,Unieuro,Android  ,Huawei,Y5p,€92.99,€109.90,2   GB,32   GB,Doppia SIM  ,Sì  ,,Nero  ,IPS  ,"5.45   """,No,3020   mAh,146.5   mm,70.94   mm,8.35   mm,144   g
61,2020-08-07 10:27:44.810125,2020-08-07,2,Unieuro,Android  ,ASUS,ZenFone Max (M1) oro,€119.00,€159.99,3   GB,32   GB,Doppia SIM  ,Sì  ,Sì  ,Oro  ,,"5.5   """,No,4000   mAh,8.7   mm,147.3   mm,70.9   mm,150   g
62,2020-08-07 10:28:10.390592,2020-08-07,2,Unieuro,Android  ,Samsung,Galaxy A41 SM-A415F,€239.90,€299.90,4   GB,64   GB,,Sì  ,,Blu  ,SAMOLED  ,"6.1   """,No,3500   mAh,149.9   mm,68.9   mm,7.9   mm,152   g
63,2020-08-07 10:28:43.737929,2020-08-07,2,Unieuro,Android  ,Huawei,P30 Pro,€569.90,€849.90,8   GB,128   GB,Dual SIM ibrida  ,Sì  ,Sì  ,Nero  ,OLED  ,"6.47   """,No,4200   mAh,158   mm,73.4   mm,8.41   mm,192   g
64,2020-08-07 10:29:39.938711,2020-08-07,2,Unieuro,Android  ,Samsung,Galaxy S10 SM-G973F/DS,€579.00,€779.00,8   GB,128   GB,Dual SIM ibrida  ,Sì  ,Sì  ,Bianco  ,Dynamic AMOLED  ,"6.1   """,No,3400   mAh,149.9   mm,70.4   mm,7.8   mm,157   g
65,2020-08-07 10:30:42.030862,2020-08-07,2,Unieuro,Android  ,Huawei,P30 Lite,€229.00,€299.90,4   GB,128   GB,Dual SIM ibrida  ,Sì  ,Sì  ,Blu  ,IPS  ,"6.15   """,No,3340   mAh,152.9   mm,72.7   mm,7.4   mm,159   g
66,2020-08-07 10:31:22.593220,2020-08-07,2,Unieuro,Android  ,Huawei,P30,€439.00,€649.90,6   GB,128   GB,Dual SIM ibrida  ,Sì  ,Sì  ,Nero  ,OLED  ,"6.1   """,No,3650   mAh,149.1   mm,71.36   mm,7.57   mm,165   g
67,2020-08-07 10:32:18.410061,2020-08-07,2,Unieuro,Android  ,Samsung,Galaxy A21s SM-A217F/DSN,€179.90,€209.90,3   GB,32   GB,Doppia SIM  ,Sì  ,,Blu  ,PLS  ,"6.5   """,No,5000   mAh,163.7   mm,75.3   mm,8.9   mm,192   g
68,2020-08-07 10:32:42.851273,2020-08-07,2,Unieuro,Android  ,Motorola,one Zoom,€289.00,€429.99,4   GB,128   GB,Doppia SIM  ,Sì  ,Sì  ,Grigio  ,OLED  ,"6.4   """,No,4000   mAh,158   mm,75   mm,8.8   mm,190   g
69,2020-08-07 10:33:13.188775,2020-08-07,2,Unieuro,Android  ,Huawei,P30 Pro,€569.90,€849.90,8   GB,128   GB,Dual SIM ibrida  ,Sì  ,Sì  ,Blu  ,OLED  ,"6.47   """,No,4200   mAh,158   mm,73.4   mm,8.41   mm,192   g
70,2020-08-07 10:34:10.213934,2020-08-07,2,Unieuro,Android  ,Samsung,Galaxy S10,€579.00,€779.00,8   GB,128   GB,Dual SIM ibrida  ,Sì  ,Sì  ,Verde  ,Dynamic AMOLED  ,"6.1   """,No,3400   mAh,149.9   mm,70.4   mm,7.8   mm,157   g
71,2020-08-07 10:35:16.384201,2020-08-07,2,Unieuro,Android  ,Xiaomi,Redmi Note 9,€199.90,€229.90,4   GB,128   GB,Doppia SIM  ,Sì  ,,Bianco  ,,"6.53   """,No,5020   mAh,162.3   mm,77.2   mm,8.9   mm,199   g
72,2020-08-07 10:35:40.663718,2020-08-07,2,Unieuro,Android  ,Huawei,P40 lite,€249.90,€299.90,8   GB,128   GB,Dual SIM ibrida  ,Sì  ,Sì  ,Rosa  ,LCD  ,"6.4   """,No,4200   mAh,159.2   mm,76.3   mm,8.7   mm,183   g
73,2020-08-07 10:36:27.270633,2020-08-07,2,Unieuro,Android  ,Oppo,A52,€169.90,€199.00,4   GB,64   GB,Doppia SIM  ,Sì  ,,Bianco  ,IPS  ,"6.5   """,No,4880   mAh,162   mm,75.5   mm,8.9   mm,192   g
74,2020-08-07 10:36:54.564180,2020-08-07,2,Unieuro,Android  ,Oppo,Reno2,€349.90,€449.00,8   GB,256   GB,Doppia SIM  ,Sì  ,Sì  ,Blu  ,AMOLED  ,"6.5   """,No,4000   mAh,160   mm,74.3   mm,9.5   mm,189   g
75,2020-08-07 10:37:34.653361,2020-08-07,2,Unieuro,Android  ,Oppo,Reno2,€349.90,€449.00,8   GB,256   GB,Doppia SIM  ,Sì  ,Sì  ,Nero  ,AMOLED  ,"6.5   """,No,4000   mAh,160   mm,74.3   mm,9.5   mm,189   g
76,2020-08-07 10:38:07.957925,2020-08-07,2,Unieuro,Android  ,Oppo,A5 2020,€139.00,€179.00,3   GB,64   GB,Doppia SIM  ,Sì  ,Sì  ,Bianco  ,TFT  ,"6.5   """,No,5000   mAh,163.6   mm,75.6   mm,9.1   mm,195   g
77,2020-08-07 10:38:42.990514,2020-08-07,2,Unieuro,Android  ,Huawei,P30,€439.00,€649.90,6   GB,128   GB,Dual SIM ibrida  ,Sì  ,Sì  ,Multicolore  ,OLED  ,"6.1   """,No,3650   mAh,149.1   mm,71.36   mm,7.57   mm,165   g
78,2020-08-07 10:39:37.811100,2020-08-07,2,Unieuro,Android  ,Samsung,Galaxy,€779.00,€1029.00,8   GB,128   GB,Doppia SIM  ,Sì  ,Sì  ,Grigio  ,Dynamic AMOLED  ,"6.7   """,No,4500   mAh,161.9   mm,73.7   mm,7.8   mm,186   g
79,2020-08-07 10:40:40.139552,2020-08-07,2,Unieuro,Android  ,LG,K41S LMK410EMW,€149.00,€159.90,3   GB,32   GB,Doppia SIM  ,Sì  ,,Titanio  ,IPS  ,"6.55   """,No,4000   mAh,165.7   mm,76.4   mm,8.2   mm,189   g
80,2020-08-07 10:41:15.935106,2020-08-07,2,Unieuro,Android  ,Samsung,Galaxy S10+ SM-G975F/DS,€679.00,€879.00,8   GB,128   GB,Dual SIM ibrida  ,Sì  ,Sì  ,Nero  ,Dynamic AMOLED  ,"6.4   """,No,4100   mAh,157.6   mm,74.1   mm,7.8   mm,175   g
81,2020-08-07 10:42:16.941035,2020-08-07,2,Unieuro,Android  ,Huawei,Mate 20,€369.00,€799.99,4   GB,128   GB,,Sì  ,Sì  ,Blu  ,IPS  ,"6.53   """,No,4000   mAh,158.2   mm,77.2   mm,8.3   mm,188   g
82,2020-08-07 10:42:52.402629,2020-08-07,2,Unieuro,Android  ,Oppo,A52,€169.90,€199.00,4   GB,64   GB,Doppia SIM  ,Sì  ,,Nero  ,IPS  ,"6.5   """,No,5000   mAh,162   mm,75.5   mm,8.9   mm,192   g
83,2020-08-07 10:43:19.248103,2020-08-07,2,Unieuro,Android  ,Motorola,EDGE smartphone 17,€599.00,€699.99,6   GB,128   GB,Doppia SIM  ,Sì  ,,Nero  ,OLED  ,"6.7   """,No,4500   mAh,161.64   mm,71.1   mm,9.29   mm,188   g
84,2020-08-07 10:43:54.997933,2020-08-07,2,Unieuro,Android  ,Huawei,P30 Pro,€569.90,€849.90,8   GB,128   GB,Dual SIM ibrida  ,Sì  ,Sì  ,Blu  ,OLED  ,"6.47   """,No,4200   mAh,158   mm,73.4   mm,8.41   mm,192   g
85,2020-08-07 10:44:25.740816,2020-08-07,2,Unieuro,Android  ,Huawei,Y6p 16,€139.00,€159.90,3   GB,64   GB,Doppia SIM  ,Sì  ,,Verde  ,IPS  ,"6.3   """,No,5000   mAh,159.07   mm,74.06   mm,9.04   mm,185   g
86,2020-08-07 10:44:48.608011,2020-08-07,2,Unieuro,Android  ,Huawei,Y6s,€139.00,€149.90,3   GB,32   GB,Doppia SIM  ,Sì  ,Sì  ,Nero  ,IPS  ,"6.09   """,No,3020   mAh,156.28   mm,73.5   mm,8   mm,150   g
87,2020-08-07 10:45:14.388507,2020-08-07,2,Unieuro,Android  ,ASUS,ZenFone Max ZB555KL-6C163EU 14,€119.00,€159.99,3   GB,32   GB,Doppia SIM  ,Sì  ,,Rosso  ,IPS  ,"5.5   """,No,4000   mAh,147.3   mm,70.9   mm,8.7   mm,150   g
88,2020-08-07 10:45:39.123018,2020-08-07,2,Unieuro,Android  ,Huawei,P smart 2020,€179.00,€199.90,4   GB,128   GB,Dual SIM ibrida  ,Sì  ,,Nero  ,LCD  ,"6.21   """,No,3400   mAh,153.36   mm,73.55   mm,8.2   mm,163   g
89,2020-08-07 10:46:04.618218,2020-08-07,2,Unieuro,Android  ,Huawei,P30,€439.00,€649.90,6   GB,128   GB,Dual SIM ibrida  ,Sì  ,Sì  ,Blu  ,OLED  ,"6.1   """,No,3650   mAh,149.1   mm,71.36   mm,7.57   mm,165   g
90,2020-08-07 10:46:52.873304,2020-08-07,2,Unieuro,Android  ,Xiaomi,Redmi Note 8 Pro,€249.00,€299.90,6   GB,128   GB,Dual SIM ibrida  ,Sì  ,Sì  ,Blu  ,,"6.53   """,No,4500   mAh,161.35   mm,76.4   mm,8.79   mm,199.8   g
91,2020-08-07 10:47:31.585628,2020-08-07,2,Unieuro,Android  ,realme,6,€199.00,€229.99,4   GB,64   GB,Doppia SIM  ,Sì  ,,Blu  ,LCD  ,"6.5   """,No,4300   mAh,162.1   mm,74.8   mm,9.6   mm,191   g
92,2020-08-07 10:48:01.630203,2020-08-07,2,Unieuro,Android  ,Huawei,Y6p 16,€139.00,€159.90,3   GB,64   GB,Doppia SIM  ,Sì  ,,Porpora  ,IPS  ,"6.3   """,No,5000   mAh,159.07   mm,74.06   mm,9.04   mm,185   g
93,2020-08-07 10:48:26.494881,2020-08-07,2,Unieuro,Android  ,Huawei,P40 lite 5G,€399.90,€399.90,6   GB,128   GB,Dual SIM ibrida  ,Sì  ,Sì  ,Argento  ,LTPS  ,"6.5   """,No,4000   mAh,162.31   mm,75   mm,8.58   mm,189   g
94,2020-08-07 10:48:54.201253,2020-08-07,2,Unieuro,Android  ,Motorola,Moto G Moto G8 Plus 16,€199.00,€269.99,4   GB,64   GB,Dual SIM ibrida  ,Sì  ,Sì  ,Blu  ,LTPS  ,"6.3   """,No,4000   mAh,158.35   mm,75.83   mm,9.09   mm,188   g
95,2020-08-07 10:49:34.494755,2020-08-07,2,Unieuro,Android  ,Motorola,G8 Power,€199.00,€249.00,4   GB,64   GB,Dual SIM ibrida  ,Sì  ,Sì  ,Blu  ,IPS  ,"6.4   """,Vodafone,5000   mAh,157.95   mm,75.84   mm,9.63   mm,197   g
96,2020-08-07 10:50:07.642976,2020-08-07,2,Unieuro,Android  ,Huawei,Y5p,€99.90,€109.90,2   GB,32   GB,Doppia SIM  ,Sì  ,,Verde  ,IPS  ,"5.45   """,No,3020   mAh,146.5   mm,70.94   mm,8.35   mm,144   g
97,2020-08-07 10:50:33.151662,2020-08-07,2,Unieuro,Android  ,Samsung,Galaxy S20+,€1044.00,€1129.00,8   GB,128   GB,Doppia SIM  ,Sì  ,Sì  ,Nero  ,Dynamic AMOLED  ,"6.7   """,No,4500   mAh,161.9   mm,73.7   mm,7.8   mm,186   g
98,2020-08-07 10:51:37.125716,2020-08-07,2,Unieuro,Android  ,realme,6i,€179.00,€199.99,4   GB,128   GB,Doppia SIM  ,Sì  ,,Bianco  ,LCD  ,"6.5   """,No,5000   mAh,164.4   mm,75.4   mm,9   mm,199   g
99,2020-08-07 10:52:03.392016,2020-08-07,2,Unieuro,Android  ,Huawei,P smart Pro,€256.00,€299.90,6   GB,128   GB,Dual SIM ibrida  ,Sì  ,Sì  ,Nero  ,TFT-LCD  ,"6.59   """,No,4000   mAh,163.1   mm,77.2   mm,8.8   mm,206   g
100,2020-08-07 10:52:31.454895,2020-08-07,2,Unieuro,Android  ,Huawei,P40 lite 5G,€369.00,€399.90,6   GB,128   GB,Dual SIM ibrida  ,Sì  ,Sì  ,Nero  ,LTPS  ,"6.5   """,No,4000   mAh,162.31   mm,75   mm,8.58   mm,189   g
101,2020-08-07 10:52:58.850884,2020-08-07,2,Unieuro,Android  ,Samsung,Galaxy SM-A315G/DS,€249.90,€299.90,4   GB,64   GB,Doppia SIM  ,Sì  ,,Nero  ,SAMOLED  ,"6.4   """,No,5000   mAh,159.3   mm,73.1   mm,8.6   mm,185   g
102,2020-08-07 10:53:34.060682,2020-08-07,2,Unieuro,Android  ,Motorola,g8 power lite,€167.00,€189.99,4   GB,64   GB,Doppia SIM  ,Sì  ,,Blu  ,IPS  ,"6.5   """,No,5000   mAh,164.94   mm,75.76   mm,9.2   mm,200   g
103,2020-08-07 10:54:03.412610,2020-08-07,2,Unieuro,Android  ,Huawei,P smart S 16,€199.90,€259.90,4   GB,128   GB,Doppia SIM  ,Sì  ,,Bianco  ,OLED  ,"6.3   """,No,4000   mAh,157.4   mm,73.2   mm,7.75   mm,163   g
104,2020-08-07 10:54:30.469134,2020-08-07,2,Unieuro,Android  ,Wiko,VIEW3 Lite,€109.00,€129.99,2   GB,32   GB,Doppia SIM  ,Sì  ,Sì  ,Argento  ,IPS  ,"6.09   """,No,4000   mAh,155.5   mm,73   mm,8.7   mm,160.1   g
105,2020-08-07 10:55:05.153921,2020-08-07,2,Unieuro,Android  ,realme,6 Pro,€299.90,€349.99,8   GB,128   GB,Doppia SIM  ,Sì  ,,Blu  ,LCD  ,"6.6   """,No,4300   mAh,163.8   mm,75.8   mm,8.9   mm,202   g
106,2020-08-07 10:55:32.652236,2020-08-07,2,Unieuro,Android  ,Huawei,P smart 2020,€179.00,€199.90,4   GB,128   GB,Dual SIM ibrida  ,Sì  ,,Verde  ,LCD  ,"6.21   """,No,3400   mAh,153.36   mm,73.55   mm,8.2   mm,163   g
107,2020-08-07 10:55:53.965851,2020-08-07,2,Unieuro,Android  ,Motorola,one Macro,€149.90,€209.99,4   GB,64   GB,Dual SIM ibrida  ,Sì  ,Sì  ,Viola  ,IPS  ,"6.2   """,No,4000   mAh,157.6   mm,75.41   mm,8.99   mm,186   g
108,2020-08-07 10:56:30.781595,2020-08-07,2,Unieuro,Android  ,Huawei,Mate 20,€369.00,€799.99,4   GB,128   GB,,Sì  ,Sì  ,Nero  ,IPS  ,"6.53   """,No,4000   mAh,158.2   mm,77.2   mm,8.3   mm,188   g
109,2020-08-07 10:57:06.229597,2020-08-07,2,Unieuro,Android  ,Huawei,Mate 30 Pro,€699.00,€1099.90,8   GB,256   GB,Dual SIM ibrida  ,Sì  ,Sì  ,Argento  ,OLED  ,"6.53   """,No,4500   mAh,158.1   mm,73.1   mm,8.8   mm,198   g
110,2020-08-07 10:57:50.348375,2020-08-07,2,Unieuro,Android  ,Huawei,P smart S 16,€199.90,€259.90,4   GB,128   GB,Doppia SIM  ,Sì  ,,Nero  ,OLED  ,"6.3   """,No,4000   mAh,157.4   mm,73.2   mm,7.75   mm,163   g
111,2020-08-07 10:58:16.454474,2020-08-07,2,Unieuro,Android  ,LG,K51S LMK510EMW,€179.90,€219.90,3   GB,64   GB,Doppia SIM  ,Sì  ,,Titanio  ,IPS  ,"6.55   """,No,4000   mAh,165.2   mm,76.7   mm,8.2   mm,194   g
112,2020-08-07 10:58:45.303306,2020-08-07,2,Unieuro,Android  ,Oppo,A91,€279.90,€329.00,8   GB,128   GB,Doppia SIM  ,Sì  ,,Nero  ,AMOLED  ,"6.4   """,No,4025   mAh,160.2   mm,73.3   mm,7.9   mm,172   g
113,2020-08-07 10:59:15.491913,2020-08-07,2,Unieuro,Android  ,realme,6,€199.00,€229.99,4   GB,64   GB,Doppia SIM  ,Sì  ,,Bianco  ,LCD  ,"6.5   """,No,4300   mAh,162.1   mm,74.8   mm,9.6   mm,191   g
114,2020-08-07 10:59:39.714994,2020-08-07,2,Unieuro,Android  ,realme,6i,€179.00,€199.99,4   GB,128   GB,Doppia SIM  ,Sì  ,,Verde  ,LCD  ,"6.5   """,No,5000   mAh,164.4   mm,75.4   mm,9   mm,199   g
115,2020-08-07 11:00:03.685155,2020-08-07,2,Unieuro,Android  ,Samsung,Galaxy XCover 4s SM-G398FN/DS,€269.90,€269.90,3   GB,32   GB,Doppia SIM  ,Sì  ,Sì  ,Nero  ,TFT  ,"5   """,No,2800   mAh,146.2   mm,73.3   mm,9.7   mm,172   g
116,2020-08-07 11:00:37.767456,2020-08-07,2,Unieuro,Android  ,Samsung,Galaxy Z Flip,€1299.00,€1499.00,8   GB,256   GB,SIM singola  ,Sì  ,Sì  ,Nero  ,Dynamic AMOLED  ,"6.7   """,No,3300   mAh,167.3   mm,73.6   mm,7.2   mm,183   g
117,2020-08-07 11:01:20.463484,2020-08-07,2,Unieuro,Android  ,Wiko,VIEW Prime,€119.00,€159.99,4   GB,64   GB,Doppia SIM  ,Sì  ,Sì  ,Verde  ,IPS  ,"5.7   """,No,3000   mAh,152.3   mm,72.8   mm,8.3   mm,162   g
118,2020-08-07 11:02:00.454220,2020-08-07,2,Unieuro,Android  ,Motorola,Moto E Moto E6 play 14,€99.90,€119.99,2   GB,32   GB,Doppia SIM  ,Sì  ,Sì  ,Nero  ,IPS  ,"5.5   """,No,3000   mAh,146.5   mm,70.9   mm,8.3   mm,140   g
119,2020-08-07 11:02:25.203796,2020-08-07,2,Unieuro,Android  ,Xiaomi,Redmi Note 8 Pro,€249.00,€299.90,6   GB,128   GB,Doppia SIM  ,Sì  ,Sì  ,Bianco  ,,"6.53   """,No,4500   mAh,161.35   mm,76.4   mm,8.79   mm,199.8   g
120,2020-08-07 11:03:04.899018,2020-08-07,2,Unieuro,Android  ,LG,Velvet,€549.90,€649.90,6   GB,128   GB,,Sì  ,,"Rosso, Giallo  ",OLED  ,"6.8   """,No,4300   mAh,167.2   mm,74.1   mm,7.9   mm,180   g
121,2020-08-07 11:03:41.109156,2020-08-07,2,Unieuro,Android  ,LG,Velvet,€549.90,€649.90,6   GB,128   GB,,Sì  ,,Grigio  ,OLED  ,"6.8   """,No,4300   mAh,167.2   mm,74.1   mm,7.9   mm,180   g
122,2020-08-07 11:04:13.973733,2020-08-07,2,Unieuro,Android  ,Wiko,View4 Lite,€119.90,€129.99,2   GB,32   GB,Doppia SIM  ,Sì  ,Sì  ,Blu  ,IPS  ,"6.52   """,No,4000   mAh,167   mm,76.8   mm,8.45   mm,174   g
123,2020-08-07 11:04:44.020698,2020-08-07,2,Unieuro,Android  ,Motorola,Moto E 6 Play 14,€99.90,€119.99,2   GB,32   GB,SIM singola  ,Sì  ,,Nero  ,IPS  ,"5.5   """,No,3000   mAh,146.5   mm,70.9   mm,8.3   mm,140   g
124,2020-08-07 11:05:02.844006,2020-08-07,2,Unieuro,Android  ,Oppo,A91,€279.90,€329.00,8   GB,128   GB,Doppia SIM  ,Sì  ,,Blu  ,AMOLED  ,"6.4   """,No,4025   mAh,160.2   mm,73.3   mm,7.9   mm,172   g
125,2020-08-07 11:05:33.879464,2020-08-07,2,Unieuro,Android  ,realme,C3,€139.00,€159.99,3   GB,64   GB,Doppia SIM  ,Sì  ,,Blu  ,LCD  ,"6.5   """,No,5000   mAh,164.4   mm,75   mm,8.95   mm,195   g
126,2020-08-07 11:05:55.840373,2020-08-07,2,Unieuro,Android  ,Huawei,P40 lite 5G,€369.00,€399.90,6   GB,128   GB,Dual SIM ibrida  ,Sì  ,Sì  ,Verde  ,LTPS  ,"6.5   """,No,4000   mAh,162.31   mm,75   mm,8.58   mm,189   g
127,2020-08-07 11:06:24.583934,2020-08-07,2,Unieuro,Android  ,Samsung,Galaxy S10+ SM-G975F/DS,€679.00,€879.00,8   GB,128   GB,Dual SIM ibrida  ,Sì  ,Sì  ,Verde  ,Dynamic AMOLED  ,"6.4   """,No,4100   mAh,157.6   mm,74.1   mm,7.8   mm,175   g
128,2020-08-07 11:07:30.092535,2020-08-07,2,Unieuro,Linux  ,Nokia,800 Tough,€109.00,€139.99,0.5   GB,4   GB,Dual SIM ibrida  ,,Sì  ,Nero  ,,"2.4   """,No,2100   mAh,145.4   mm,62.1   mm,16.11   mm,161   g
129,2020-08-07 11:07:46.109222,2020-08-07,2,Unieuro,Android  ,Motorola,G8 Power,€199.00,€249.99,4   GB,64   GB,,Sì  ,Sì  ,Nero  ,IPS  ,"6.4   """,Vodafone,5000   mAh,155.95   mm,75.84   mm,9.63   mm,197   g
130,2020-08-07 11:08:20.066448,2020-08-07,2,Unieuro,Android  ,Huawei,P30 Pro,€569.90,€849.90,8   GB,128   GB,Dual SIM ibrida  ,Sì  ,Sì  ,Blu  ,OLED  ,"6.47   """,No,4200   mAh,158   mm,73.4   mm,8.41   mm,192   g
131,2020-08-07 11:09:07.427096,2020-08-07,2,Unieuro,Android  ,Wiko,View3 Lite,€109.00,€129.99,2   GB,32   GB,Doppia SIM  ,Sì  ,Sì  ,"Nero, Blu  ",IPS  ,"6.09   """,TIM,4000   mAh,155.5   mm,73   mm,8.7   mm,160.1   g
132,2020-08-07 11:09:39.486262,2020-08-07,2,Unieuro,Android  ,Samsung,Galaxy SM-A315G/DS,€249.90,€299.90,4   GB,64   GB,Doppia SIM  ,Sì  ,,Blu  ,SAMOLED  ,"6.4   """,No,5000   mAh,159.3   mm,73.1   mm,8.6   mm,185   g
133,2020-08-07 11:10:07.189081,2020-08-07,2,Unieuro,Android  ,Wiko,View4 Lite,€119.90,€129.99,2   GB,32   GB,Doppia SIM  ,Sì  ,Sì  ,Oro  ,IPS  ,"6.52   """,No,4000   mAh,167   mm,76.8   mm,8.45   mm,174   g
134,2020-08-07 11:10:42.744126,2020-08-07,2,Unieuro,Android  ,realme,6,€279.00,€299.99,8   GB,128   GB,Doppia SIM  ,Sì  ,,Blu  ,LCD  ,"6.5   """,No,4300   mAh,162.1   mm,74.8   mm,9.6   mm,191   g
135,2020-08-07 11:11:11.841276,2020-08-07,2,Unieuro,Android  ,Samsung,Galaxy SM-G988B/DS,€1299.00,€1379.00,12   GB,128   GB,Dual SIM ibrida  ,Sì  ,,Bianco  ,Dynamic AMOLED  ,"6.9   """,No,5000   mAh,166.9   mm,76   mm,8.8   mm,220   g
136,2020-08-07 11:11:50.403521,2020-08-07,2,Unieuro,Android  ,Huawei,P smart Pro,€259.00,€299.90,6   GB,128   GB,Dual SIM ibrida  ,Sì  ,Sì  ,Perlato  ,TFT-LCD  ,"6.59   """,No,4000   mAh,163.1   mm,77.2   mm,8.8   mm,206   g
137,2020-08-07 11:12:16.649433,2020-08-07,2,Unieuro,Android  ,Samsung,Galaxy Z Flip,€1299.00,€1499.00,8   GB,256   GB,SIM singola  ,Sì  ,Sì  ,Porpora  ,Dynamic AMOLED  ,"6.7   """,No,3300   mAh,167.3   mm,73.6   mm,7.2   mm,183   g
138,2020-08-07 11:12:56.738568,2020-08-07,2,Unieuro,Android  ,Huawei,P40,€699.00,€799.90,8   GB,128   GB,Dual SIM ibrida  ,Sì  ,,Nero  ,OLED  ,"6.1   """,No,3800   mAh,148.9   mm,71.06   mm,8.5   mm,175   g
139,2020-08-07 11:13:30.219892,2020-08-07,2,Unieuro,Android  ,Huawei,P40 Pro,€1049.90,€1049.90,8   GB,256   GB,Dual SIM ibrida  ,Sì  ,,Argento  ,OLED  ,"6.58   """,No,4200   mAh,158.2   mm,72.6   mm,8.95   mm,209   g
140,2020-08-07 11:14:01.496863,2020-08-07,2,Unieuro,Android  ,Samsung,Galaxy S10+ SM-G975F/DS,€679.00,€879.00,8   GB,128   GB,Dual SIM ibrida  ,Sì  ,Sì  ,Bianco  ,Dynamic AMOLED  ,"6.4   """,No,4100   mAh,157.6   mm,74.1   mm,7.8   mm,175   g
141,2020-08-07 11:15:10.755360,2020-08-07,2,Unieuro,Android  ,Huawei,Y5 2019,€109.00,€139.90,2   GB,16   GB,Doppia SIM  ,Sì  ,Sì  ,Marrone  ,IPS  ,"5.71   """,No,3020   mAh,147.13   mm,70.78   mm,8.45   mm,146   g
142,2020-08-07 11:15:42.130637,2020-08-07,2,Unieuro,Android  ,LG,K51S LMK510EMW,€179.90,€219.90,3   GB,64   GB,Doppia SIM  ,Sì  ,,Rosa  ,IPS  ,"6.55   """,No,4000   mAh,165.2   mm,76.7   mm,8.2   mm,194   g
143,2020-08-07 11:16:08.639358,2020-08-07,2,Unieuro,Android  ,realme,6 Pro,€299.90,€349.99,8   GB,128   GB,Doppia SIM  ,Sì  ,,Rosso  ,LCD  ,"6.6   """,No,4300   mAh,163.8   mm,75.8   mm,8.9   mm,202   g
144,2020-08-07 11:16:38.513049,2020-08-07,2,Unieuro,Android  ,Samsung,Galaxy A20s SM-A207F,€159.90,€179.90,,,,Sì  ,Sì  ,Nero  ,TFT  ,"6.5   """,No,4000   mAh,163.3   mm,77.5   mm,8   mm,183   g
145,2020-08-07 11:17:08.745091,2020-08-07,2,Unieuro,Android  ,Oppo,A72,€249.00,€279.00,4   GB,128   GB,Doppia SIM  ,Sì  ,,Nero  ,TFT  ,"6.5   """,No,5000   mAh,162   mm,75.5   mm,8.9   mm,
146,2020-08-07 11:17:39.969428,2020-08-07,2,Unieuro,Android  ,LG,Velvet,€549.90,€649.90,6   GB,128   GB,,Sì  ,,Verde  ,OLED  ,"6.8   """,No,4300   mAh,167.2   mm,74.1   mm,7.9   mm,180   g
147,2020-08-07 11:18:17.206769,2020-08-07,2,Unieuro,Android  ,Huawei,Y6s,€129.00,€149.90,3   GB,32   GB,Doppia SIM  ,Sì  ,No  ,Blu  ,IPS  ,"6.09   """,No,3020   mAh,156.28   mm,73.5   mm,8   mm,150   g
148,2020-08-07 11:18:44.807642,2020-08-07,2,Unieuro,Android  ,Huawei,P40,€699.00,€799.90,8   GB,128   GB,Dual SIM ibrida  ,Sì  ,,Oro  ,OLED  ,"6.1   """,No,3800   mAh,148.9   mm,71.06   mm,8.5   mm,175   g
149,2020-08-07 11:19:16.720412,2020-08-07,2,Unieuro,Android  ,Samsung,Galaxy Fold,€1949.00,€1999.00,12   GB,512   GB,Doppia SIM  ,Sì  ,Sì  ,Nero  ,Dynamic AMOLED  ,"7.3   """,No,4380   mAh,160.9   mm,117.9   mm,7.5   mm,263   g
150,2020-08-07 11:20:26.021391,2020-08-07,2,Unieuro,Android  ,Nokia,6.2 16,€169.00,€239.99,4   GB,64   GB,,Sì  ,Sì  ,Nero  ,,"6.3   """,No,3500   mAh,159.92   mm,75.15   mm,8.25   mm,180   g
151,2020-08-07 11:20:50.616661,2020-08-07,2,Unieuro,Android  ,Oppo,Reno,€249.00,€299.00,6   GB,256   GB,Doppia SIM  ,Sì  ,Sì  ,Black  ,AMOLED  ,"6.4   """,No,3765   mAh,156.6   mm,74.3   mm,9   mm,185   g
152,2020-08-07 11:21:15.279741,2020-08-07,2,Unieuro,Android  ,Motorola,EDGE Plus smartphone 17,€1099.00,€1199.99,12   GB,256   GB,SIM singola  ,Sì  ,,Grigio  ,OLED  ,"6.7   """,No,5000   mAh,161.07   mm,71.38   mm,9.6   mm,203   g
153,2020-08-07 11:21:42.785094,2020-08-07,2,Unieuro,Android  ,ASUS,ROG Phone 3 Strix,€799.00,€868.99,8   GB,256   GB,Doppia SIM  ,Sì  ,,Nero  ,AMOLED  ,"6.59   """,No,6000   mAh,171   mm,78   mm,9.85   mm,240   g
154,2020-08-07 11:22:11.589813,2020-08-07,2,Unieuro,Android  ,LG,K41S LMK410EMW,€149.00,€159.90,3   GB,32   GB,Doppia SIM  ,Sì  ,,Nero  ,IPS  ,"6.55   """,No,4000   mAh,165.7   mm,76.4   mm,8.2   mm,189   g
155,2020-08-07 11:22:48.009396,2020-08-07,2,Unieuro,Android  ,Samsung,Galaxy S20 5G,€999.00,€1029.00,8   GB,128   GB,Doppia SIM  ,Sì  ,Sì  ,Grigio  ,Dynamic AMOLED  ,"6.2   """,No,4000   mAh,151.7   mm,69.1   mm,7.9   mm,163   g
156,2020-08-07 11:23:48.714795,2020-08-07,2,Unieuro,Android  ,LG,Velvet,€549.90,€649.90,6   GB,128   GB,,Sì  ,,Bianco  ,OLED  ,"6.8   """,No,4300   mAh,167.2   mm,74.1   mm,7.9   mm,180   g
157,2020-08-07 11:24:22.910094,2020-08-07,2,Unieuro,Android  ,Huawei,P40 Pro,€909.00,€1049.90,8   GB,256   GB,Dual SIM ibrida  ,Sì  ,,Nero  ,OLED  ,"6.58   """,No,4200   mAh,158.2   mm,72.6   mm,8.95   mm,209   g
158,2020-08-07 11:24:51.394017,2020-08-07,2,Unieuro,Android  ,Oppo,A72,€249.00,€279.00,4   GB,128   GB,Doppia SIM  ,Sì  ,,Porpora  ,TFT  ,"6.5   """,No,5000   mAh,162   mm,75.5   mm,8.9   mm,
159,2020-08-07 11:25:21.170596,2020-08-07,2,Unieuro,Android  ,LG,K50 K50S,€149.00,€199.90,3   GB,32   GB,Doppia SIM  ,Sì  ,Sì  ,Nero  ,IPS  ,"6.5   """,No,4000   mAh,165.8   mm,77.5   mm,8.2   mm,194   g
160,2020-08-07 11:26:06.688996,2020-08-07,2,Unieuro,Android  ,Samsung,Galaxy S10+ SM-G975F/DS,€679.00,€879.00,8   GB,128   GB,Dual SIM ibrida  ,Sì  ,,Bianco  ,Dynamic AMOLED  ,"6.4   """,No,4100   mAh,157.6   mm,74.1   mm,7.8   mm,175   g
161,2020-08-07 11:26:51.476537,2020-08-07,2,Unieuro,Android  ,Huawei,Mate Xs 5G,€2184.00,€2599.90,8   GB,512   GB,Doppia SIM  ,Sì  ,Sì  ,Blu  ,OLED  ,"6.6   """,No,4500   mAh,161.3   mm,146.2   mm,11   mm,300   g
162,2020-08-07 11:27:26.916679,2020-08-07,2,Unieuro,Android  ,realme,6,€279.00,€299.99,8   GB,128   GB,Doppia SIM  ,Sì  ,,Bianco  ,LCD  ,"6.5   """,No,4300   mAh,162.1   mm,74.8   mm,9.6   mm,191   g
163,2020-08-07 11:27:52.555523,2020-08-07,2,Unieuro,Android  ,Samsung,Galaxy S10+ SM-G975F/DS,€679.00,€879.00,8   GB,128   GB,Dual SIM ibrida  ,Sì  ,,Nero  ,Dynamic AMOLED  ,"6.4   """,No,4100   mAh,157.6   mm,74.1   mm,7.8   mm,175   g
164,2020-08-07 11:28:33.326863,2020-08-07,2,Unieuro,Android  ,Oppo,Find X2 Lite,€422.00,€499.00,8   GB,128   GB,Doppia SIM  ,Sì  ,,Nero  ,AMOLED  ,"6.4   """,No,4025   mAh,160.3   mm,74.3   mm,7.96   mm,180   g
165,2020-08-07 11:29:03.245647,2020-08-07,2,Unieuro,Android  ,Huawei,Y5 2019,€119.00,€139.90,2   GB,16   GB,Doppia SIM  ,Sì  ,Sì  ,Marrone  ,IPS  ,"5.71   """,No,3020   mAh,147.13   mm,70.78   mm,8.45   mm,146   g
166,2020-08-07 11:29:28.172362,2020-08-07,2,Unieuro,Android  ,Huawei,P40 Pro,€909.00,€1049.90,8   GB,256   GB,Dual SIM ibrida  ,Sì  ,,Oro  ,OLED  ,"6.58   """,No,4200   mAh,158.2   mm,72.6   mm,8.95   mm,209   g
167,2020-08-07 11:29:53.345682,2020-08-07,2,Unieuro,Android  ,realme,C3,€139.00,€159.99,3   GB,64   GB,Doppia SIM  ,Sì  ,,Rosso  ,LCD  ,"6.5   """,No,5000   mAh,164.4   mm,75   mm,8.95   mm,195   g
168,2020-08-07 11:30:22.625814,2020-08-07,2,Unieuro,Android  ,Oppo,Find X2 Lite,€449.00,€499.00,8   GB,128   GB,Doppia SIM  ,Sì  ,,Bianco  ,AMOLED  ,"6.4   """,No,4025   mAh,160.3   mm,74.3   mm,7.96   mm,180   g
169,2020-08-07 11:30:44.834836,2020-08-07,2,Unieuro,Android  ,Meizu,Note 8,€139.00,€179.99,4   GB,64   GB,Doppia SIM  ,Sì  ,,Nero  ,,"5.99   """,No,3600   mAh,153.6   mm,75.5   mm,7.9   mm,168   g
170,2020-08-07 11:31:13.736571,2020-08-07,2,Unieuro,Android  ,Huawei,Y6 2019,€129.00,€159.90,2   GB,32   GB,,Sì  ,Sì  ,Blu  ,IPS  ,"6.09   """,TIM,3020   mAh,156.28   mm,73.5   mm,8   mm,150   g
171,2020-08-07 11:31:42.488791,2020-08-07,2,Unieuro,Android  ,Wiko,View3 Lite,€109.00,€129.99,2   GB,32   GB,Doppia SIM  ,Sì  ,Sì  ,"Nero, Blu  ",IPS  ,"6.09   """,TIM,4000   mAh,155.5   mm,73   mm,8.7   mm,160.1   g
172,2020-08-07 11:32:14.626746,2020-08-07,2,Unieuro,Android  ,Huawei,P40,€699.00,€799.90,8   GB,128   GB,Dual SIM ibrida  ,Sì  ,,Argento  ,OLED  ,"6.1   """,No,3800   mAh,148.9   mm,71.06   mm,8.5   mm,175   g
173,2020-08-07 11:32:45.431686,2020-08-07,2,Unieuro,Android  ,LG,K50 K50S,€149.00,€199.90,3   GB,32   GB,Doppia SIM  ,Sì  ,Sì  ,Blu  ,IPS  ,"6.5   """,No,4000   mAh,165.8   mm,77.5   mm,8.2   mm,173   g
174,2020-08-07 11:33:27.238821,2020-08-07,2,Unieuro,Android  ,Samsung,Galaxy Note20 Display,€929.00,€979.90,8   GB,256   GB,Doppia SIM  ,Sì  ,Sì  ,,Dynamic AMOLED  ,"6.3   """,No,4300   mAh,"161,6   mm",75.2   mm,"8,3   mm",192   g
175,2020-08-07 11:34:13.015695,2020-08-07,2,Unieuro,Android  ,Samsung,Galaxy Note20 Display,€929.00,€979.90,8   GB,256   GB,Doppia SIM  ,Sì  ,Sì  ,,Dynamic AMOLED  ,"6.3   """,No,4300   mAh,"161,6   mm",75.2   mm,"8,3   mm",192   g
176,2020-08-07 11:34:49.970313,2020-08-07,2,Unieuro,Android  ,Samsung,Galaxy Note20 Display,€929.00,€979.90,8   GB,256   GB,Doppia SIM  ,Sì  ,Sì  ,,Dynamic AMOLED  ,"6.3   """,No,4300   mAh,"161,6   mm",75.2   mm,"8,3   mm",192   g
177,2020-08-07 11:35:34.630777,2020-08-07,2,Unieuro,Android  ,Samsung,Galaxy Note20 Display,€1029.00,€1079.90,8   GB,256   GB,Doppia SIM  ,Sì  ,Sì  ,,Dynamic AMOLED  ,"6.3   """,No,4300   mAh,"161,6   mm",75.2   mm,"8,3   mm",192   g
178,2020-08-07 11:36:18.107296,2020-08-07,2,Unieuro,Android  ,Samsung,Galaxy Note20 Ultra Display,€1279.00,€1329.90,12   GB,256   GB,Doppia SIM  ,Sì  ,Sì  ,,Dynamic AMOLED  ,"6.9   """,No,4500   mAh,"161,6   mm",75.2   mm,"8,3   mm",192   g
179,2020-08-07 11:36:57.212782,2020-08-07,2,Unieuro,Android  ,Samsung,Galaxy Note 20 Ultra Display,€1279.00,€1329.90,12   GB,256   GB,Doppia SIM  ,Sì  ,Sì  ,,Dynamic AMOLED  ,"6.3   """,No,4500   mAh,"161,6   mm",75.2   mm,"8,3   mm",192   g
180,2020-08-07 11:37:37.906732,2020-08-07,2,Unieuro,Android  ,Huawei,P30 lite,€369.99,€369.99,4   GB,128   GB,Dual SIM ibrida  ,Sì  ,Sì  ,Nero  ,IPS  ,"6.15   """,No,3340   mAh,152.9   mm,72.7   mm,7.4   mm,159   g
181,2020-08-07 11:38:16.504634,2020-08-07,2,Unieuro,Android  ,Huawei,P30 lite,€299.90,€299.90,4   GB,128   GB,,Sì  ,Sì  ,Nero  ,IPS  ,"6.15   """,TIM,3340   mAh,152.9   mm,72.7   mm,7.4   mm,159   g
182,2020-08-07 11:38:48.388062,2020-08-07,2,Unieuro,Android  ,Xiaomi,Redmi Note 9 Pro,€259.00,€299.90,6   GB,128   GB,Doppia SIM  ,Sì  ,,Bianco  ,IPS  ,"6.67   """,No,5020   mAh,165.75   mm,76.68   mm,8.8   mm,209   g
183,2020-08-07 11:39:24.282087,2020-08-07,2,Unieuro,Android  ,Brondi,Amico,€66.99,€89.99,0.5   GB,44   GB,Doppia SIM  ,Sì  ,Sì  ,Nero  ,TN  ,"5   """,No,2000   mAh,151   mm,69   mm,10.75   mm,
184,2020-08-07 11:39:42.327979,2020-08-07,2,Unieuro,Android  ,Oppo,Reno2 Z,€240.00,€349.00,8   GB,128   GB,Doppia SIM  ,Sì  ,Sì  ,Nero  ,AMOLED  ,"6.5   """,No,4000   mAh,161.8   mm,75.8   mm,9.35   mm,195   g
185,2020-08-07 11:40:18.794120,2020-08-07,2,Unieuro,Android  ,Xiaomi,Redmi Note 9 Pro,€249.00,€299.90,6   GB,128   GB,Doppia SIM  ,Sì  ,,Verde  ,,"6.67   """,No,5020   mAh,165.75   mm,76.68   mm,8.8   mm,209   g
186,2020-08-07 11:40:49.974786,2020-08-07,2,Unieuro,Android  ,Xiaomi,Redmi Note 9 Pro,€253.00,€299.90,6   GB,128   GB,Doppia SIM  ,Sì  ,,Grigio  ,,"6.67   """,No,5020   mAh,165.75   mm,76.68   mm,8.8   mm,209   g
187,2020-08-07 11:41:22.799520,2020-08-07,2,Unieuro,Android  ,Huawei,P20 Pro,€329.00,€329.00,6   GB,128   GB,SIM singola  ,Sì  ,Sì  ,Nero  ,AMOLED  ,"6.1   """,No,4000   mAh,155   mm,73.9   mm,7.8   mm,180   g
188,2020-08-07 11:42:10.218920,2020-08-07,2,Unieuro,Android  ,Xiaomi,Mi Note 10 Lite,€299.00,€399.00,6   GB,128   GB,Doppia SIM  ,Sì  ,,Bianco  ,AMOLED  ,"6.47   """,No,5260   mAh,157.8   mm,74.2   mm,9.67   mm,204   g
189,2020-08-07 11:42:38.683255,2020-08-07,2,Unieuro,Android  ,Oppo,Reno2 Z,€265.00,€349.00,8   GB,128   GB,Doppia SIM  ,Sì  ,Sì  ,Bianco  ,AMOLED  ,"6.5   """,No,4000   mAh,161.8   mm,75.8   mm,9.35   mm,195   g
190,2020-08-07 11:43:17.023743,2020-08-07,2,Unieuro,Android  ,Xiaomi,Mi 10 Lite,€359.00,€399.90,6   GB,128   GB,Dual SIM ibrida  ,Sì  ,,Grigio  ,AMOLED  ,"6.57   """,No,4160   mAh,163.71   mm,74.77   mm,7.98   mm,192   g
191,2020-08-07 11:43:47.063148,2020-08-07,2,Unieuro,Android  ,Wiko,Y50,€55.99,€69.99,1   GB,16   GB,Doppia SIM  ,Sì  ,Sì  ,Grigio  ,TN  ,"5   """,No,2200   mAh,146   mm,73.5   mm,8.7   mm,160   g
192,2020-08-07 11:44:13.139625,2020-08-07,2,Unieuro,Android  ,Wiko,Y80,€84.99,€99.99,2   GB,16   GB,Doppia SIM  ,Sì  ,Sì  ,Blu  ,IPS  ,"5.99   """,No,4000   mAh,160   mm,76.5   mm,8.55   mm,185   g
193,2020-08-07 11:44:55.894997,2020-08-07,2,Unieuro,Android  ,Xiaomi,Mi 10 Lite,€379.00,€399.90,6   GB,128   GB,Dual SIM ibrida  ,Sì  ,,Bianco  ,AMOLED  ,"6.57   """,No,4160   mAh,163.71   mm,74.77   mm,7.98   mm,192   g
194,2020-08-07 11:45:28.852858,2020-08-07,2,Unieuro,Android  ,Oppo,Find X2 Neo,€604.00,€699.00,12   GB,256   GB,SIM singola  ,Sì  ,,Nero  ,AMOLED  ,"6.5   """,No,4025   mAh,159.4   mm,72.4   mm,7.7   mm,171   g
195,2020-08-07 11:45:54.402376,2020-08-07,2,Unieuro,Android  ,Wiko,View4,€123.00,€159.99,3   GB,64   GB,Doppia SIM  ,Sì  ,Sì  ,Blu  ,IPS  ,"6.52   """,No,5000   mAh,165.7   mm,75.8   mm,8.85   mm,180   g
196,2020-08-07 11:46:30.978831,2020-08-07,2,Unieuro,Android  ,Wiko,Y80,€89.00,€99.99,2   GB,16   GB,Doppia SIM  ,Sì  ,Sì  ,"Antracite, Blu  ",IPS  ,"5.99   """,No,4000   mAh,160   mm,76.5   mm,8.55   mm,185   g
197,2020-08-07 11:47:14.666743,2020-08-07,2,Unieuro,Android  ,Motorola,moto e6 plus,€129.99,€129.99,4   GB,64   GB,Doppia SIM  ,Sì  ,Sì  ,Blu  ,IPS  ,"6.1   """,No,3000   mAh,155.6   mm,73.06   mm,8.6   mm,149.7   g
198,2020-08-07 11:47:42.647162,2020-08-07,2,Unieuro,Android  ,LG,K40 K40S,€119.90,€119.90,2   GB,32   GB,Doppia SIM  ,Sì  ,Sì  ,Blu  ,IPS  ,"6.1   """,No,3500   mAh,156.3   mm,73.9   mm,8.6   mm,173   g
199,2020-08-07 11:48:19.438314,2020-08-07,2,Unieuro,Android  ,Samsung,Galaxy A20e,€149.00,€189.99,3   GB,32   GB,Doppia SIM  ,Sì  ,Sì  ,Nero  ,PLS  ,"5.8   """,No,3000   mAh,147.4   mm,69.7   mm,8.4   mm,141   g
200,2020-08-07 11:48:55.648055,2020-08-07,2,Unieuro,Android  ,LG,K40 K40S,€106.00,€119.90,2   GB,32   GB,Doppia SIM  ,Sì  ,Sì  ,Nero  ,IPS  ,"6.1   """,No,3500   mAh,156.3   mm,73.9   mm,8.6   mm,173   g
201,2020-08-07 11:49:38.309454,2020-08-07,2,Unieuro,Android  ,Samsung,Galaxy A70,€349.90,€349.90,6   GB,128   GB,Doppia SIM  ,Sì  ,Sì  ,Nero  ,SAMOLED  ,"6.7   """,No,4500   mAh,164.3   mm,76.7   mm,7.9   mm,183   g
202,2020-08-07 11:50:25.227431,2020-08-07,2,Unieuro,Android  ,Wiko,Y50,€55.99,€69.99,1   GB,16   GB,Doppia SIM  ,Sì  ,Sì  ,Blu  ,TN  ,"5   """,No,2200   mAh,146   mm,73.5   mm,8.7   mm,160   g
203,2020-08-07 11:50:49.870627,2020-08-07,2,Unieuro,Android  ,Wiko,Y60,€77.99,€79.99,1   GB,16   GB,Doppia SIM  ,Sì  ,Sì  ,Blu  ,,"5.45   """,No,2500   mAh,9.3   mm,71.8   mm,146.8   mm,177.7   g
204,2020-08-07 11:51:12.431715,2020-08-07,2,Unieuro,Android  ,Motorola,moto e6 plus,€119.99,€119.99,2   GB,32   GB,Doppia SIM  ,Sì  ,Sì  ,Grafite  ,IPS  ,"6.1   """,No,3000   mAh,155.6   mm,73.06   mm,8.6   mm,149.7   g
205,2020-08-07 11:51:42.302787,2020-08-07,2,Unieuro,Android  ,Xiaomi,Redmi Note 7 16,€179.90,€179.90,4   GB,64   GB,Dual SIM ibrida  ,Sì  ,Sì  ,Blu  ,IPS  ,"6.3   """,No,4000   mAh,159.21   mm,75.21   mm,8.1   mm,186   g
206,2020-08-07 11:52:18.903100,2020-08-07,2,Unieuro,Android  ,Huawei,Y6 2019,€119.00,€139.90,2   GB,32   GB,Doppia SIM  ,Sì  ,Sì  ,Marrone  ,IPS  ,"6.09   """,No,3020   mAh,156.28   mm,73.5   mm,8   mm,150   g
207,2020-08-07 11:52:46.687273,2020-08-07,2,Unieuro,Android  ,Xiaomi,Mi 10 Lite,€379.00,€399.90,6   GB,128   GB,Dual SIM ibrida  ,Sì  ,,Blu  ,AMOLED  ,"6.57   """,No,4160   mAh,163.71   mm,74.77   mm,7.98   mm,192   g
208,2020-08-07 11:53:15.573890,2020-08-07,2,Unieuro,Android  ,Huawei,P smart+ 2019,€179.00,€199.90,3   GB,64   GB,Dual SIM ibrida  ,Sì  ,Sì  ,Nero  ,IPS  ,"6.21   """,No,3400   mAh,155.2   mm,73.4   mm,7.95   mm,160   g
209,2020-08-07 11:53:52.604323,2020-08-07,2,Unieuro,Android  ,Meizu,M8,€119.00,€119.00,4   GB,64   GB,Doppia SIM  ,Sì  ,Sì  ,Nero  ,,"5.7   """,No,3100   mAh,147.5   mm,72.7   mm,8.1   mm,159   g
210,2020-08-07 11:54:21.792275,2020-08-07,2,Unieuro,Android  ,Wiko,Y80,€89.00,€99.99,2   GB,16   GB,Doppia SIM  ,Sì  ,Sì  ,Oro  ,IPS  ,"5.99   """,No,4000   mAh,160   mm,76.5   mm,8.55   mm,185   g
211,2020-08-07 11:54:59.094798,2020-08-07,2,Unieuro,Android  ,Motorola,moto e6 plus,€123.00,€129.99,4   GB,64   GB,Doppia SIM  ,Sì  ,Sì  ,Grafite  ,IPS  ,"6.1   """,No,3000   mAh,155.6   mm,73.06   mm,8.6   mm,149.7   g
212,2020-08-07 11:55:29.433070,2020-08-07,2,Unieuro,Android  ,LG,K20,€89.90,€89.90,1   GB,16   GB,Dual SIM ibrida  ,Sì  ,Sì  ,Blu  ,TFT  ,"5.45   """,No,3000   mAh,148.6   mm,71.9   mm,8.3   mm,153   g
213,2020-08-07 11:56:06.828484,2020-08-07,2,Unieuro,Android  ,Xiaomi,Mi 10,€751.00,€899.00,8   GB,256   GB,SIM singola  ,Sì  ,,Grigio  ,AMOLED  ,"6.67   """,No,4780   mAh,162.5   mm,74.8   mm,8.96   mm,208   g
214,2020-08-07 11:56:40.774215,2020-08-07,2,Unieuro,Android  ,Huawei,P20 Lite,€199.90,€199.90,4   GB,64   GB,Doppia SIM  ,Sì  ,Sì  ,Nero  ,TFT-LCD  ,"5.84   """,No,3000   mAh,148.6   mm,71.2   mm,7.4   mm,145   g
215,2020-08-07 11:57:25.019407,2020-08-07,2,Unieuro,Android  ,realme,X50 Pro 5G,€739.00,€749.99,12   GB,256   GB,Doppia SIM  ,Sì  ,,Verde  ,SAMOLED  ,"6.44   """,No,4200   mAh,158.96   mm,74.24   mm,9.37   mm,207   g
216,2020-08-07 11:57:58.963938,2020-08-07,2,Unieuro,Android  ,Wiko,Y60,€79.00,€79.99,1   GB,16   GB,Doppia SIM  ,Sì  ,Sì  ,Blu  ,,"5.45   """,No,2500   mAh,146.8   mm,71.8   mm,9.3   mm,177.7   g
217,2020-08-07 11:58:31.550790,2020-08-07,2,Unieuro,Android  ,Honor,10 Lite,€179.90,€179.90,3   GB,64   GB,Doppia SIM  ,Sì  ,Sì  ,Nero  ,LTPS  ,"6.21   """,No,3400   mAh,154.8   mm,73.64   mm,7.95   mm,162   g
218,2020-08-07 11:59:02.995284,2020-08-07,2,Unieuro,Android  ,realme,X50 5G,€369.99,€369.99,6   GB,128   GB,Doppia SIM  ,Sì  ,,Verde  ,IPS  ,"6.57   """,No,4200   mAh,163.8   mm,75.8   mm,8.9   mm,202   g
219,2020-08-07 11:59:33.067645,2020-08-07,2,Unieuro,Android  ,Motorola,moto e6 plus,€115.00,€119.99,2   GB,32   GB,Doppia SIM  ,Sì  ,Sì  ,Ciliegio  ,IPS  ,"6.1   """,No,3000   mAh,155.6   mm,73.06   mm,8.6   mm,149.7   g
220,2020-08-07 11:59:55.057773,2020-08-07,2,Unieuro,Android  ,realme,X50 Pro 5G,€749.99,€749.99,12   GB,256   GB,Doppia SIM  ,Sì  ,,Rosso  ,SAMOLED  ,"6.44   """,No,4200   mAh,158.96   mm,74.24   mm,9.37   mm,207   g
221,2020-08-07 12:00:21.586918,2020-08-07,2,Unieuro,Android  ,Wiko,Y60,€79.99,€79.99,1   GB,16   GB,Doppia SIM  ,Sì  ,Sì  ,Oro  ,,"5.45   """,No,2500   mAh,9.3   mm,71.8   mm,146.8   mm,177.7   g
222,2020-08-07 12:00:50.804746,2020-08-07,2,Unieuro,Android  ,Huawei,P Smart 2019,€149.00,€179.90,3   GB,64   GB,,Sì  ,Sì  ,Nero  ,TFT-LCD  ,"6.21   """,No,3400   mAh,155.2   mm,73.4   mm,7.95   mm,160   g
223,2020-08-07 12:01:16.622417,2020-08-07,2,Unieuro,Android  ,Huawei,P30 Pro New Edition,€849.00,€849.00,8   GB,256   GB,Doppia SIM  ,Sì  ,,Argento  ,OLED  ,"6.47   """,No,4200   mAh,158   mm,73.4   mm,8.41   mm,192   g
224,2020-08-07 12:01:54.345784,2020-08-07,2,Unieuro,Android  ,Xiaomi,Mi 10,€751.00,€899.00,8   GB,256   GB,Doppia SIM  ,Sì  ,,Verde  ,AMOLED  ,"6.67   """,No,4780   mAh,162.5   mm,74.8   mm,8.96   mm,208   g
225,2020-08-07 12:02:23.216544,2020-08-07,2,Unieuro,Android  ,Wiko,View4,€145.00,€159.99,3   GB,64   GB,Doppia SIM  ,Sì  ,Sì  ,Verde  ,IPS  ,"6.52   """,No,5000   mAh,165.7   mm,75.8   mm,8.85   mm,180   g
226,2020-08-07 12:02:57.907580,2020-08-07,2,Unieuro,Android  ,Samsung,Galaxy A20e,€164.00,€169.90,3   GB,32   GB,,Sì  ,Sì  ,Nero  ,PLS  ,"5.8   """,TIM,3000   mAh,147.4   mm,69.7   mm,8.4   mm,141   g
227,2020-08-07 12:03:40.438410,2020-08-07,2,Unieuro,Android  ,Motorola,Moto G 8,€199.99,€199.99,4   GB,64   GB,Doppia SIM  ,Sì  ,,Bianco  ,IPS  ,"6.4   """,No,4000   mAh,161.27   mm,75.8   mm,8.95   mm,188.3   g
228,2020-08-07 12:04:02.821467,2020-08-07,2,Unieuro,Android  ,Honor,VIEW 10 Lite 16.5,€259.00,€259.00,4   GB,128   GB,,,,Blu  ,,"6.5   """,No,3750   mAh,160.4   mm,76.6   mm,7.8   mm,175   g
229,2020-08-07 12:04:26.524873,2020-08-07,2,Unieuro,Android  ,Wiko,Y61,€89.99,€89.99,1   GB,16   GB,Doppia SIM  ,Sì  ,,Grigio  ,IPS  ,"5.99   """,No,3000   mAh,161.3   mm,78.14   mm,9   mm,190   g
230,2020-08-07 12:04:50.826964,2020-08-07,2,Unieuro,,Huawei,P smart,€149.00,€149.00,3   GB,32   GB,Dual SIM ibrida  ,Si  ,Si  ,Nero  ,IPS  ,"5.65   """,No,3000   mAh,150.1   mm,72.05   mm,7.45   mm,143   g
231,2020-08-07 12:05:26.208778,2020-08-07,2,Unieuro,Android  ,Wiko,Y61,€89.99,€89.99,2   GB,32   GB,Doppia SIM  ,Sì  ,,Verde  ,IPS  ,"5.99   """,No,3000   mAh,161.3   mm,78.14   mm,9   mm,190   g
232,2020-08-07 12:05:48.800220,2020-08-07,2,Unieuro,Android  ,Samsung,Galaxy A51,€319.90,€319.90,4   GB,128   GB,,Sì  ,,Nero  ,SAMOLED  ,"6.5   """,Vodafone,4000   mAh,158.5   mm,73.6   mm,7.9   mm,172   g
233,2020-08-07 12:06:19.661722,2020-08-07,2,Unieuro,Android  ,Huawei,P30 Pro New Edition,€849.90,€849.90,9   GB,256   GB,,Sì  ,,Nero  ,OLED  ,"6.47   """,No,4200   mAh,158   mm,73.4   mm,8.41   mm,192   g
234,2020-08-07 12:06:50.890792,2020-08-07,2,Unieuro,Android  ,Huawei,nova 5T,€299.00,€339.90,6   GB,128   GB,Doppia SIM  ,Sì  ,Sì  ,Blu  ,IPS  ,"6.26   """,No,3750   mAh,154.25   mm,73.97   mm,7.87   mm,174   g
235,2020-08-07 12:07:30.835654,2020-08-07,2,Unieuro,Android  ,ASUS,ROG Phone II ZS660KL-1A012EU,€899.00,€899.00,12   GB,512   GB,Doppia SIM  ,Sì  ,Sì  ,Nero  ,AMOLED  ,"6.59   """,No,6000   mAh,170.99   mm,77.6   mm,9.48   mm,240   g
236,2020-08-07 12:08:14.374307,2020-08-07,2,Unieuro,Android  ,Samsung,Galaxy S10,€599.00,€599.00,6   GB,128   GB,Doppia SIM  ,Sì  ,Sì  ,Nero  ,Dynamic AMOLED  ,"6.1   """,No,3400   mAh,149.9   mm,70.4   mm,7.8   mm,157   g
237,2020-08-07 12:09:00.630180,2020-08-07,2,Unieuro,Android  ,Huawei,Y6 2019,€149.90,€149.90,2   GB,32   GB,,Sì  ,Sì  ,Blu  ,IPS  ,"6.09   """,No,3020   mAh,156.28   mm,73.5   mm,8   mm,150   g
238,2020-08-07 12:09:29.359869,2020-08-07,2,Unieuro,Android  ,Motorola,Razr,€1599.00,€1599.00,6   GB,128   GB,SIM singola  ,Sì  ,Sì  ,Nero  ,P-OLED  ,"6.2   """,No,2510   mAh,172   mm,72   mm,6.9   mm,205   g
239,2020-08-07 12:09:54.917915,2020-08-07,2,Unieuro,Android  ,Xiaomi,Redmi Note 8T 16,€199.00,€229.90,4   GB,64   GB,Doppia SIM  ,Sì  ,,Blu  ,IPS  ,"6.3   """,Vodafone,4000   mAh,161.15   mm,75.4   mm,8.6   mm,199.8   g
240,2020-08-07 12:10:24.559616,2020-08-07,2,Unieuro,Android  ,Nokia,2.2,€109.99,€109.99,2   GB,16   GB,,Sì  ,Sì  ,Grigio  ,TFT  ,"5.71   """,No,3000   mAh,145.96   mm,70.56   mm,9.3   mm,153   g
241,2020-08-07 12:10:51.530181,2020-08-07,2,Unieuro,Android  ,Nokia,3.2,€139.90,€139.90,2   GB,16   GB,,Sì  ,Sì  ,Nero  ,TFT  ,"6.26   """,No,4000   mAh,159.44   mm,76.24   mm,8.6   mm,181   g
242,2020-08-07 12:11:17.817887,2020-08-07,2,Unieuro,Android  ,Huawei,P30,€599.00,€599.00,6   GB,128   GB,Dual SIM ibrida  ,Sì  ,Sì  ,Nero  ,OLED  ,"6.1   """,No,3650   mAh,149.1   mm,71.36   mm,7.57   mm,165   g
243,2020-08-07 12:11:55.206058,2020-08-07,2,Unieuro,Android  ,Huawei,P smart⁺ 16,€179.00,€179.00,4   GB,64   GB,Doppia SIM  ,Sì  ,Sì  ,Nero  ,IPS  ,"6.3   """,No,3340   mAh,157.6   mm,75.2   mm,7.6   mm,169   g
244,2020-08-07 12:12:27.863032,2020-08-07,2,Unieuro,Android  ,Huawei,P30 Pro,€999.90,€999.90,8   GB,128   GB,Dual SIM ibrida  ,Sì  ,Sì  ,Nero  ,OLED  ,"6.47   """,No,4200   mAh,158   mm,73.4   mm,8.41   mm,192   g
245,2020-08-07 12:13:05.325073,2020-08-07,2,Unieuro,Android  ,Motorola,Moto G 8,€199.99,€199.99,4   GB,64   GB,Doppia SIM  ,Sì  ,,Bianco  ,IPS  ,"6.4   """,No,4000   mAh,161.27   mm,75.8   mm,8.95   mm,188.3   g
246,2020-08-07 12:13:30.833126,2020-08-07,2,Unieuro,Android  ,Samsung,Galaxy SM-A307F,€279.90,€279.90,4   GB,64   GB,Doppia SIM  ,Sì  ,,Bianco  ,SAMOLED  ,"6.4   """,No,4000   mAh,158.5   mm,74.7   mm,7.8   mm,169   g
247,2020-08-07 12:14:13.842604,2020-08-07,2,Unieuro,Android  ,Samsung,Galaxy A70,€349.90,€349.90,6   GB,128   GB,Doppia SIM  ,Sì  ,Sì  ,Blu  ,SAMOLED  ,"6.7   """,No,4500   mAh,164.3   mm,76.7   mm,7.9   mm,183   g
248,2020-08-07 12:15:03.428177,2020-08-07,2,Unieuro,Android  ,LG,K40,€129.00,€129.00,2   GB,32   GB,,Sì  ,Sì  ,Blu  ,IPS  ,"5.7   """,TIM,3000   mAh,153   mm,71.9   mm,8.3   mm,144   g
249,2020-08-07 12:15:40.668036,2020-08-07,2,Unieuro,Android  ,Huawei,P Smart 2019,€179.90,€179.90,3   GB,64   GB,Dual SIM ibrida  ,Sì  ,Sì  ,,IPS  ,"6.21   """,No,3400   mAh,155.2   mm,73.4   mm,7.95   mm,160   g
250,2020-08-07 12:16:10.718541,2020-08-07,2,Unieuro,Android  ,LG,K40,€119.90,€119.90,2   GB,32   GB,Doppia SIM  ,Sì  ,Sì  ,Blu  ,IPS  ,"5.7   """,No,3000   mAh,153   mm,71.9   mm,8.3   mm,144   g
251,2020-08-07 12:16:43.657676,2020-08-07,2,Unieuro,Android  ,Huawei,Y6 2019,€149.90,€149.90,2   GB,32   GB,Doppia SIM  ,Sì  ,Sì  ,Nero  ,IPS  ,"6.09   """,No,3020   mAh,156.28   mm,73.5   mm,8   mm,150   g
252,2020-08-07 12:17:18.952073,2020-08-07,2,Unieuro,,Nokia,5 SIM singola 4G 16GB Argento,€129.90,€129.90,2   GB,16   GB,SIM singola  ,Si  ,,Argento  ,IPS  ,"5.2   """,TIM,3000   mAh,149.7   mm,72.5   mm,8.05   mm,160   g
253,2020-08-07 12:17:40.895588,2020-08-07,2,Unieuro,,Nokia,5 SIM singola 4G 16GB Nero,€129.90,€129.90,2   GB,16   GB,SIM singola  ,Si  ,,Nero  ,IPS  ,"5.2   """,TIM,3000   mAh,149.7   mm,72.5   mm,8.05   mm,160   g
254,2020-08-07 12:18:05.844044,2020-08-07,2,Unieuro,Android  ,Samsung,Galaxy A20e,€169.90,€169.90,3   GB,32   GB,Doppia SIM  ,Sì  ,Sì  ,Blu  ,PLS  ,"5.8   """,TIM,3000   mAh,147.4   mm,69.7   mm,8.4   mm,141   g
255,2020-08-07 12:18:43.997980,2020-08-07,2,Unieuro,iOS  ,Apple,iPhone 11,€899.99,€899.99,,128   GB,Doppia SIM  ,Sì  ,,Bianco  ,LCD  ,"6.1   """,Vodafone,,150.9   mm,75.7   mm,8.3   mm,194   g
256,2020-08-07 12:19:08.784815,2020-08-07,2,Unieuro,Android  ,Samsung,Galaxy A10 Nero,€159.90,€159.90,2   GB,32   GB,Doppia SIM  ,Sì  ,Sì  ,Nero  ,TFT  ,"6.2   """,Vodafone,3400   mAh,155.6   mm,75.6   mm,7.9   mm,168   g
257,2020-08-07 12:19:50.708334,2020-08-07,2,Unieuro,Android  ,Samsung,Galaxy A20e,€139.90,€169.90,3   GB,32   GB,Doppia SIM  ,Sì  ,Sì  ,"Corallo, Arancione  ",PLS  ,"5.8   """,No,3000   mAh,147.4   mm,69.7   mm,8.4   mm,141   g
258,2020-08-07 12:20:35.389831,2020-08-07,2,Unieuro,Android  ,Xiaomi,Redmi Note 8T 16,€169.00,€229.90,4   GB,64   GB,Doppia SIM  ,Sì  ,Sì  ,Bianco  ,IPS  ,"6.3   """,No,4000   mAh,161.15   mm,75.4   mm,8.6   mm,199.8   g
259,2020-08-07 12:21:14.765774,2020-08-07,2,Unieuro,Android  ,Samsung,Galaxy,€595.00,€929.00,8   GB,128   GB,Doppia SIM  ,Sì  ,Sì  ,Blu  ,Dynamic AMOLED  ,"6.2   """,No,4000   mAh,151.7   mm,69.1   mm,7.9   mm,163   g
260,2020-08-07 12:22:18.253875,2020-08-07,2,Unieuro,,ASUS,ZenFone Max Pro M1,€159.00,€199.99,4   GB,64   GB,Doppia SIM  ,Si  ,Si  ,Nero  ,IPS  ,"6   """,No,5000   mAh,159   mm,76   mm,8.45   mm,180   g
261,2020-08-07 12:22:48.836370,2020-08-07,2,Unieuro,Android  ,Samsung,Galaxy A40,€199.00,€259.90,4   GB,64   GB,Doppia SIM  ,Sì  ,Sì  ,Nero  ,SAMOLED  ,"5.9   """,No,3100   mAh,144.4   mm,69.2   mm,7.9   mm,140   g
262,2020-08-07 12:23:39.064218,2020-08-07,2,Unieuro,Android  ,Samsung,Galaxy A40,€199.00,€259.90,4   GB,64   GB,Doppia SIM  ,Sì  ,Sì  ,Bianco  ,SAMOLED  ,"5.9   """,No,3100   mAh,144.4   mm,69.2   mm,7.9   mm,140   g
263,2020-08-07 12:24:20.803569,2020-08-07,2,Unieuro,Android  ,Samsung,Galaxy A10,€139.00,€159.90,2   GB,32   GB,Doppia SIM  ,Sì  ,Sì  ,Blu  ,TFT  ,"6.2   """,No,3400   mAh,155.6   mm,75.6   mm,7.9   mm,168   g
264,2020-08-07 12:25:05.464713,2020-08-07,2,Unieuro,Android  ,LG,G8S ThinQ,€399.00,€769.90,6   GB,128   GB,Dual SIM ibrida  ,Sì  ,Sì  ,Nero  ,OLED  ,"6.21   """,No,3550   mAh,155.3   mm,76.6   mm,7.99   mm,181   g
265,2020-08-07 12:26:00.894014,2020-08-07,2,Unieuro,Android  ,Samsung,Galaxy A10,€129.00,€159.90,2   GB,32   GB,Doppia SIM  ,Sì  ,Sì  ,Rosso  ,TFT  ,"6.2   """,No,3400   mAh,155.6   mm,75.6   mm,7.9   mm,168   g
266,2020-08-07 12:26:41.446913,2020-08-07,2,Unieuro,,ASUS,ZenFone Max Pro M1,€139.00,€179.99,3   GB,32   GB,Doppia SIM  ,Si  ,Si  ,Nero  ,IPS  ,"6   """,No,5000   mAh,159   mm,76   mm,8.45   mm,180   g
267,2020-08-07 12:27:15.554581,2020-08-07,2,Unieuro,Android  ,Huawei,Y5 2019,€109.00,€139.90,2   GB,16   GB,Doppia SIM  ,Sì  ,Sì  ,Blu  ,IPS  ,"5.71   """,No,3020   mAh,147.13   mm,70.78   mm,8.45   mm,146   g
268,2020-08-07 12:27:46.298414,2020-08-07,2,Unieuro,Android  ,Huawei,Y6 2019,€129.00,€159.90,2   GB,32   GB,,Sì  ,Sì  ,Nero  ,IPS  ,"6.09   """,TIM,3020   mAh,156.28   mm,73.5   mm,8   mm,150   g
269,2020-08-07 12:28:16.980259,2020-08-07,2,Unieuro,Android  ,Huawei,P40 Pro+,€1399.90,€1399.90,8   GB,512   GB,Doppia SIM  ,Sì  ,,Nero  ,OLED  ,"6.58   """,No,4200   mAh,158.2   mm,72.6   mm,9   mm,226   g
270,2020-08-07 12:28:44.823981,2020-08-07,2,Unieuro,Android  ,Samsung,Galaxy A10,€139.00,€159.90,2   GB,32   GB,Doppia SIM  ,Sì  ,Sì  ,Nero  ,TFT  ,"6.2   """,No,3400   mAh,155.6   mm,75.6   mm,7.9   mm,168   g
271,2020-08-07 12:29:21.499851,2020-08-07,2,Unieuro,Android  ,ASUS,ZenFone Max Pro (M2) ZB631KL-4J068EU,€199.00,€299.99,6   GB,64   GB,Doppia SIM  ,Sì  ,Sì  ,Titanio  ,IPS  ,"6.3   """,No,5000   mAh,157.9   mm,75.5   mm,8.5   mm,175   g
272,2020-08-07 12:29:57.124490,2020-08-07,2,Unieuro,Android  ,Huawei,P smart Z,€189.90,€279.90,4   GB,64   GB,Dual SIM ibrida  ,Sì  ,Sì  ,Blu  ,LTPS  ,"6.59   """,No,4000   mAh,163.5   mm,77.3   mm,8.8   mm,196.8   g
273,2020-08-07 12:30:24.398500,2020-08-07,2,Unieuro,Android  ,ASUS,ZenFone Max M2 ZB633KL-4A124EU smartphone,€149.00,€199.99,4   GB,64   GB,Doppia SIM  ,Sì  ,Sì  ,Nero  ,IPS  ,"6.3   """,No,4000   mAh,158   mm,76   mm,7.7   mm,160   g
274,2020-08-07 12:31:00.876572,2020-08-07,2,Unieuro,Android  ,Motorola,Moto E Moto E6 play 14,€99.90,€119.99,2   GB,32   GB,Doppia SIM  ,Sì  ,Sì  ,Blu  ,IPS  ,"5.5   """,No,3000   mAh,146.5   mm,70.9   mm,8.3   mm,140   g
275,2020-08-07 12:31:25.926681,2020-08-07,2,Unieuro,Android  ,Huawei,P40 Pro+,€1399.00,€1399.00,8   GB,512   GB,Doppia SIM  ,Sì  ,Sì  ,Bianco  ,OLED  ,"6.58   """,No,4200   mAh,158.2   mm,72.6   mm,9   mm,226   g
276,2020-08-07 12:31:57.583578,2020-08-07,2,Unieuro,Android  ,Meizu,M6T Doppia Sim Nero,€99.99,€189.99,3   GB,32   GB,Doppia SIM  ,Si  ,,Nero  ,LTPS  ,"5.7   """,No,3300   mAh,152.3   mm,73   mm,8.4   mm,145   g
277,2020-08-07 12:32:22.683437,2020-08-07,2,Unieuro,Android  ,Samsung,Galaxy S10+ SM-G975F/DS,€759.00,€1279.00,8   GB,512   GB,Dual SIM ibrida  ,Sì  ,Sì  ,Bianco  ,Dynamic AMOLED  ,"6.4   """,No,4100   mAh,157.6   mm,74.1   mm,7.8   mm,198   g
278,2020-08-07 12:33:33.080805,2020-08-07,2,Unieuro,Android  ,Samsung,Galaxy A40,€199.00,€259.90,4   GB,64   GB,Doppia SIM  ,Sì  ,Sì  ,Blu  ,SAMOLED  ,"5.9   """,No,3100   mAh,144.4   mm,69.2   mm,7.9   mm,140   g
279,2020-08-07 12:34:22.524656,2020-08-07,2,Unieuro,Android  ,Wiko,View 3 Lite,€109.00,€129.99,2   GB,32   GB,Doppia SIM  ,Sì  ,Sì  ,"Nero, Blu  ",IPS  ,"6.09   """,No,4000   mAh,155.5   mm,73   mm,8.7   mm,160.1   g
280,2020-08-07 12:35:02.646808,2020-08-07,2,Unieuro,Android  ,Oppo,RX17 Pro Emerald Green,€249.00,€299.00,6   GB,128   GB,,Sì  ,Sì  ,Verde  ,AMOLED  ,"6.4   """,No,3700   mAh,157.6   mm,74.6   mm,7.9   mm,183   g
281,2020-08-07 12:35:29.185266,2020-08-07,2,Unieuro,Android  ,ASUS,ZenFone 4 Selfie Pro ZD552KL-5A001WW smartphone 14,€139.00,€399.00,4   GB,64   GB,Doppia SIM  ,Sì  ,Sì  ,Nero  ,AMOLED  ,"5.5   """,No,3000   mAh,154.02   mm,74.83   mm,6.85   mm,147   g
282,2020-08-07 12:35:55.675986,2020-08-07,2,Unieuro,Android  ,Samsung,Galaxy Note9,€499.00,€999.00,6   GB,128   GB,Dual SIM ibrida  ,Sì  ,Sì  ,Lavanda  ,SAMOLED  ,"6.4   """,No,4000   mAh,161.9   mm,76.4   mm,8.8   mm,201   g
283,2020-08-07 12:37:10.728531,2020-08-07,2,Unieuro,,ASUS,ZenFone 5 Doppia SIM 4G,€199.00,€399.00,4   GB,64   GB,Doppia SIM  ,Si  ,Si  ,midnight blue  ,IPS  ,"6.2   """,No,3300   mAh,7.7   mm,153   mm,75.65   mm,165   g
284,2020-08-07 12:37:34.672143,2020-08-07,2,Unieuro,Android  ,ASUS,ZenFone 5 ZE620KL-1H010EU,€199.99,€399.00,4   GB,64   GB,Doppia SIM  ,Sì  ,Sì  ,Argento  ,IPS  ,"6.2   """,No,3300   mAh,7.7   mm,153   mm,75.65   mm,165   g
285,2020-08-07 12:38:09.256726,2020-08-07,2,Unieuro,Android  ,Wiko,View 2 Plus,€139.00,€249.99,4   GB,64   GB,Doppia SIM  ,,Sì  ,Oro  ,IPS  ,"5.93   """,No,4000   mAh,153.4   mm,73.2   mm,8.6   mm,166   g
286,2020-08-07 12:38:43.836186,2020-08-07,2,Unieuro,Android  ,Wiko,View 2 Plus,€139.00,€249.99,4   GB,64   GB,Doppia SIM  ,,Sì  ,Antracite  ,IPS  ,"5.93   """,No,4000   mAh,153.4   mm,73.2   mm,8.6   mm,166   g
287,2020-08-07 12:39:08.774924,2020-08-07,2,Unieuro,Android  ,Samsung,Galaxy S10e SM-G970F/DS,€449.00,€779.00,6   GB,128   GB,Dual SIM ibrida  ,Sì  ,Sì  ,Giallo  ,Dynamic AMOLED  ,"5.8   """,No,3100   mAh,142.2   mm,69.9   mm,7.9   mm,150   g
288,2020-08-07 12:40:16.316625,2020-08-07,2,Unieuro,Android  ,Samsung,Galaxy S10e SM-G970F/DS,€449.00,€779.00,6   GB,128   GB,Dual SIM ibrida  ,Sì  ,Sì  ,Bianco  ,Dynamic AMOLED  ,"5.8   """,No,3100   mAh,142.2   mm,69.9   mm,7.9   mm,150   g
289,2020-08-07 12:41:22.529545,2020-08-07,2,Unieuro,Android  ,Samsung,Galaxy S10e SM-G970F/DS,€449.00,€779.00,6   GB,128   GB,Dual SIM ibrida  ,Sì  ,Sì  ,Verde  ,Dynamic AMOLED  ,"5.8   """,No,3100   mAh,142.2   mm,69.9   mm,7.9   mm,150   g
290,2020-08-07 12:42:25.447406,2020-08-07,2,Unieuro,Android  ,Samsung,Galaxy S10e SM-G970F/DS,€449.00,€779.00,6   GB,128   GB,Dual SIM ibrida  ,Sì  ,Sì  ,Nero  ,Dynamic AMOLED  ,"5.8   """,No,3100   mAh,142.2   mm,69.9   mm,7.9   mm,150   g
291,2020-08-07 12:43:28.622610,2020-08-07,2,Unieuro,Android  ,ASUS,ZENFONE 5 Z,€349.00,€599.00,8   GB,256   GB,Dual SIM ibrida  ,Sì  ,Sì  ,Blu  ,IPS  ,"6.2   """,No,3300   mAh,7.7   mm,153   mm,75.65   mm,165   g
292,2020-08-07 12:44:09.565359,2020-08-07,2,Unieuro,Android  ,Samsung,Galaxy S10+ SM-G975F/DS,€759.00,€1279.00,8   GB,512   GB,Dual SIM ibrida  ,Sì  ,Sì  ,Nero  ,Dynamic AMOLED  ,"6.4   """,No,4100   mAh,157.6   mm,74.1   mm,7.8   mm,198   g
293,2020-08-07 12:45:08.629246,2020-08-07,2,Unieuro,Android  ,Motorola,moto g⁷ power,€139.00,€229.99,4   GB,64   GB,,Sì  ,Sì  ,Nero  ,LTPS  ,"6.2   """,No,5000   mAh,159.43   mm,76   mm,9.3   mm,193   g
294,2020-08-07 12:45:40.201644,2020-08-07,2,Unieuro,Android  ,Samsung,Galaxy S10 SM-G973F/DS,€729.00,€1179.00,8   GB,512   GB,Dual SIM ibrida  ,Sì  ,Sì  ,Nero  ,Dynamic AMOLED  ,"6.1   """,No,3400   mAh,149.9   mm,70.4   mm,7.8   mm,157   g
295,2020-08-07 12:46:40.936809,2020-08-07,2,Unieuro,Android  ,LG,Q60,€159.00,€249.90,3   GB,64   GB,Doppia SIM  ,Sì  ,Sì  ,Blu  ,IPS  ,"6.26   """,No,3500   mAh,161.3   mm,77   mm,8.7   mm,172   g
296,2020-08-07 12:47:16.944828,2020-08-07,2,Unieuro,Android  ,LG,Q60,€159.00,€249.90,3   GB,64   GB,Doppia SIM  ,Sì  ,Sì  ,Nero  ,IPS  ,"6.26   """,No,3500   mAh,161.3   mm,77   mm,8.7   mm,172   g
297,2020-08-07 12:47:54.248400,2020-08-07,2,Unieuro,Android  ,Samsung,Galaxy S10 SM-G973F/DS,€759.00,€1179.00,8   GB,512   GB,Dual SIM ibrida  ,Sì  ,Sì  ,Verde  ,Dynamic AMOLED  ,"6.1   """,No,3400   mAh,149.9   mm,70.4   mm,7.8   mm,157   g
298,2020-08-07 12:49:01.452168,2020-08-07,2,Unieuro,Android  ,ASUS,ZenFone Max Pro (M2) ZB631KL-4D067EU 16,€199.00,€299.99,6   GB,64   GB,Doppia SIM  ,Sì  ,Sì  ,Blu  ,IPS  ,"6.3   """,No,5000   mAh,157.9   mm,75.5   mm,8.5   mm,175   g
299,2020-08-07 12:49:41.745472,2020-08-07,2,Unieuro,Android  ,Huawei,P smart Z,€189.90,€279.90,4   GB,64   GB,Dual SIM ibrida  ,Sì  ,Sì  ,Black  ,LTPS  ,"6.59   """,No,4000   mAh,163.5   mm,77.3   mm,8.8   mm,196.8   g
300,2020-08-07 12:50:11.644510,2020-08-07,2,Unieuro,Android  ,ASUS,ZenFone ZB602KL-4A143EU,€179.00,€259.99,4   GB,128   GB,Doppia SIM  ,Sì  ,Sì  ,Nero  ,IPS  ,"6   """,No,5000   mAh,8.45   mm,159   mm,76   mm,180   g
301,2020-08-07 12:50:47.875349,2020-08-07,2,Unieuro,Android  ,Meizu,M6T,€89.99,€129.99,2   GB,16   GB,Doppia SIM  ,Sì  ,,Blu  ,LTPS  ,"5.7   """,No,3300   mAh,152.3   mm,73   mm,8.4   mm,145   g
302,2020-08-07 12:51:15.013190,2020-08-07,2,Unieuro,Android  ,Motorola,one Action 16,€199.00,€279.99,4   GB,128   GB,Doppia SIM  ,Sì  ,Sì  ,Blu  ,IPS  ,"6.3   """,No,3500   mAh,160.1   mm,71.2   mm,9.15   mm,181   g
303,2020-08-07 12:51:50.202378,2020-08-07,2,Unieuro,Android  ,Samsung,Galaxy A30s,€199.00,€279.00,4   GB,64   GB,Doppia SIM  ,Sì  ,,Nero  ,SAMOLED  ,"6.4   """,No,4000   mAh,158.5   mm,74.7   mm,7.8   mm,169   g
304,2020-08-07 12:52:27.701029,2020-08-07,2,Unieuro,Android  ,Wiko,WIM 14,€109.00,€149.99,4   GB,64   GB,Doppia SIM  ,Sì  ,Sì  ,Blu  ,AMOLED  ,"5.5   """,No,3200   mAh,156.2   mm,75.3   mm,7.9   mm,160   g
305,2020-08-07 12:53:06.172111,2020-08-07,2,Unieuro,Android  ,ASUS,ZenFone Max (M1),€119.00,€159.99,3   GB,32   GB,Doppia SIM  ,Sì  ,Sì  ,Oro  ,IPS  ,"5.5   """,No,4000   mAh,147.3   mm,70.9   mm,8.7   mm,150   g
306,2020-08-07 12:53:42.325868,2020-08-07,2,Unieuro,Android  ,Huawei,Y5 2019,€109.00,€139.90,2   GB,16   GB,Doppia SIM  ,Sì  ,Sì  ,Nero  ,IPS  ,"5.71   """,No,3020   mAh,147.13   mm,70.78   mm,8.45   mm,146   g
307,2020-08-07 12:54:14.693525,2020-08-07,2,Unieuro,Android  ,ASUS,ZenFone Max Pro M1,€159.99,€199.99,4   GB,64   GB,Doppia SIM  ,Si  ,Si  ,Argento  ,IPS  ,"6   """,No,5000   mAh,159   mm,76   mm,8.45   mm,180   g
308,2020-08-07 12:54:43.957489,2020-08-07,2,Unieuro,Android  ,Huawei,P Smart 2019,€159.00,€199.90,3   GB,64   GB,Dual SIM ibrida  ,Sì  ,Sì  ,Blu  ,LTPS  ,"6.21   """,No,3400   mAh,155.2   mm,73.4   mm,7.95   mm,160   g
309,2020-08-07 12:55:15.911220,2020-08-07,2,Unieuro,Android  ,ASUS,ZenFone Max Pro M2 ZB631KL-4J097EU,€179.00,€219.99,4   GB,64   GB,Doppia SIM  ,Sì  ,Sì  ,Titanio  ,IPS  ,"6.3   """,No,5000   mAh,157.9   mm,75.5   mm,8.5   mm,175   g
310,2020-08-07 12:55:51.024580,2020-08-07,2,Unieuro,Android  ,Oppo,RX17 Pro Radiant Mist,€249.00,€299.00,6   GB,128   GB,,Sì  ,Sì  ,Blu  ,AMOLED  ,"6.4   """,No,3700   mAh,157.6   mm,74.6   mm,7.9   mm,183   g
311,2020-08-07 12:56:19.944686,2020-08-07,2,Unieuro,Android  ,Oppo,Reno,€249.00,€299.00,6   GB,256   GB,Dual SIM  ,Sì  ,Sì  ,Verde  ,AMOLED  ,"6.4   """,No,3765   mAh,156.6   mm,74.3   mm,9   mm,185   g
312,2020-08-07 12:56:47.803432,2020-08-07,2,Unieuro,Android  ,Honor,VIEW 10 Lite 16.5,€219.00,€259.90,4   GB,128   GB,,,,Nero  ,,"6.5   """,TIM,3750   mAh,160.4   mm,76.6   mm,7.8   mm,175   g
313,2020-08-07 12:57:08.127613,2020-08-07,2,Unieuro,Android  ,Samsung,Galaxy S20 Ultra,€1299.00,€1379.00,12   GB,128   GB,Doppia SIM  ,Sì  ,Sì  ,Grigio  ,Dynamic AMOLED  ,"6.9   """,No,5000   mAh,166.9   mm,76   mm,8.8   mm,220   g
314,2020-08-07 12:57:55.222692,2020-08-07,2,Unieuro,Android  ,Honor,View 10 Lite 6.5 Doppia SIM Blu,€199.00,€199.00,4   GB,128   GB,Doppia SIM  ,Sì  ,Sì  ,Blu  ,,"6.5   """,No,3750   mAh,160.4   mm,76.6   mm,7.8   mm,178   g
315,2020-08-07 12:58:31.467643,2020-08-07,2,Unieuro,Android  ,Honor,View 10 Lite 6.5 Doppia SIM,€199.00,€199.00,4   GB,128   GB,Doppia SIM  ,Sì  ,Sì  ,Nero  ,,"6.5   """,No,3750   mAh,160.4   mm,76.6   mm,7.8   mm,178   g
316,2020-08-07 12:59:05.604081,2020-08-07,2,Unieuro,Android  ,LG,V30,€249.00,€249.00,4   GB,64   GB,SIM singola  ,Sì  ,Sì  ,Argento  ,OLED  ,"6   """,No,3300   mAh,151.7   mm,75.4   mm,7.3   mm,158   g
317,2020-08-07 13:00:04.196839,2020-08-07,2,Unieuro,,LG,G7 ThinQ SIM singola 4G 64GB Nero,€269.90,€269.90,4   GB,64   GB,SIM singola  ,Si  ,Si  ,Nero  ,,"6.1   """,No,3000   mAh,153.2   mm,71.9   mm,7.9   mm,162   g
318,2020-08-07 13:00:41.795306,2020-08-07,2,Unieuro,,LG,K10 2017 (M250N) SIM singola 4G 16GB Nero,€69.90,€69.90,2   GB,16   GB,SIM singola  ,Si  ,Si  ,Nero  ,IPS  ,"5.3   """,Vodafone,,148.7   mm,75.3   mm,7.9   mm,144   g
319,2020-08-07 13:01:14.302073,2020-08-07,2,Unieuro,,LG,Q6 M700A,€129.99,€129.99,3   GB,32   GB,SIM singola  ,Si  ,Si  ,Platinum  ,IPS  ,"5.5   """,Vodafone,3000   mAh,142.5   mm,69.3   mm,8.1   mm,149   g
320,2020-08-07 13:01:54.075327,2020-08-07,2,Unieuro,Android  ,LG,K4 2017,€79.99,€79.99,1   GB,8   GB,,Sì  ,,Nero  ,IPS  ,"5   """,TIM,2500   mAh,144.7   mm,72.6   mm,7.9   mm,138   g
321,2020-08-07 13:02:19.358907,2020-08-07,2,Unieuro,,LG,K9 LMX210EMW Doppia SIM 4G 16GB Nero,€79.00,€79.00,2   GB,16   GB,Doppia SIM  ,Si  ,Si  ,Nero  ,IPS  ,"5   """,No,2500   mAh,146.3   mm,73.2   mm,8.2   mm,152   g
322,2020-08-07 13:03:00.088055,2020-08-07,2,Unieuro,,LG,K4 (2017) SIM singola 4G 8GB Nero,€69.90,€69.90,1   GB,8   GB,SIM singola  ,Si  ,Si  ,Nero  ,IPS  ,"5   """,Vodafone,2500   mAh,144.7   mm,72.6   mm,7.9   mm,135   g
323,2020-08-07 13:03:37.214338,2020-08-07,2,Unieuro,Android  ,LG,K11,€79.90,€79.90,2   GB,16   GB,,Sì  ,Sì  ,"Nero, Oro  ",IPS  ,"5.3   """,No,3000   mAh,148.7   mm,75.3   mm,8.68   mm,162   g
324,2020-08-07 13:04:07.859918,2020-08-07,2,Unieuro,Android  ,Huawei,Y6 2019,€119.00,€139.90,2   GB,32   GB,Doppia SIM  ,Sì  ,Sì  ,Nero  ,IPS  ,"6.09   """,No,3020   mAh,156.28   mm,73.5   mm,8   mm,150   g
325,2020-08-07 13:04:36.710497,2020-08-07,2,Unieuro,Android  ,Huawei,Y6 2019,€119.00,€139.90,2   GB,32   GB,Doppia SIM  ,Sì  ,Sì  ,Blu  ,IPS  ,"6.09   """,No,3020   mAh,156.28   mm,73.5   mm,8   mm,150   g
326,2020-08-07 13:05:04.733963,2020-08-07,2,Unieuro,Android  ,LG,K20,€89.90,€89.90,1   GB,16   GB,Dual SIM ibrida  ,Sì  ,Sì  ,Nero  ,TFT  ,"5.45   """,No,3000   mAh,148.6   mm,71.9   mm,8.3   mm,153   g
327,2020-08-07 13:05:40.105345,2020-08-07,2,Unieuro,Android  ,ASUS,ZenFone L1,€89.99,€89.99,,,Doppia SIM  ,Si  ,Si  ,Oro  ,IPS  ,"5.5   """,No,3000   mAh,147.26   mm,71.77   mm,8.15   mm,140   g
328,2020-08-07 13:06:07.142799,2020-08-07,2,Unieuro,Android  ,Samsung,Galaxy A70,€349.90,€349.90,6   GB,128   GB,Doppia SIM  ,Sì  ,Sì  ,Bianco  ,SAMOLED  ,"6.7   """,No,4500   mAh,164.3   mm,76.7   mm,7.9   mm,183   g
329,2020-08-07 13:06:49.927422,2020-08-07,2,Unieuro,Android  ,Xiaomi,Redmi 9,€169.90,€169.90,4   GB,64   GB,Doppia SIM  ,Sì  ,,Grigio  ,IPS  ,"6.53   """,No,5020   mAh,163.32   mm,77.01   mm,9.1   mm,198   g
330,2020-08-07 13:07:20.281601,2020-08-07,2,Unieuro,Android  ,Xiaomi,Mi Note 10,€449.90,€449.90,6   GB,128   GB,Doppia SIM  ,Sì  ,Sì  ,Verde  ,AMOLED  ,"6.47   """,No,5260   mAh,157.8   mm,74.2   mm,9.67   mm,208   g
331,2020-08-07 13:08:04.172473,2020-08-07,2,Unieuro,Android  ,Moto,G8 Plus 16,€269.00,€269.00,4   GB,64   GB,Dual SIM ibrida  ,Sì  ,Sì  ,Blu  ,LTPS  ,"6.3   """,H3G,4000   mAh,158.35   mm,75.8   mm,9.09   mm,188   g
332,2020-08-07 13:08:41.399669,2020-08-07,2,Unieuro,Android  ,Samsung,Galaxy SM-A307F,€209.00,€279.90,4   GB,64   GB,Doppia SIM  ,Sì  ,,Nero  ,SAMOLED  ,"6.4   """,No,4000   mAh,158.5   mm,74.7   mm,7.8   mm,169   g
333,2020-08-07 13:09:23.825686,2020-08-07,2,Unieuro,Android  ,Oppo,Find X2 Pro 17,€1106.00,€1199.00,12   GB,512   GB,Doppia SIM  ,Sì  ,,Nero  ,OLED  ,"6.7   """,No,4260   mAh,165.2   mm,74.4   mm,8.8   mm,217   g
334,2020-08-07 13:09:52.186281,2020-08-07,2,Unieuro,Android  ,Xiaomi,Redmi Note 7 16,€179.90,€179.90,4   GB,64   GB,Dual SIM ibrida  ,Sì  ,Sì  ,Nero  ,IPS  ,"6.3   """,No,4000   mAh,159.21   mm,75.21   mm,8.1   mm,186   g
335,2020-08-07 13:10:29.067212,2020-08-07,2,Unieuro,Android  ,Xiaomi,Mi Note 10,€599.90,€599.90,6   GB,128   GB,Doppia SIM  ,Sì  ,Sì  ,Bianco  ,AMOLED  ,"6.47   """,No,5260   mAh,157.8   mm,74.2   mm,9.67   mm,208   g
336,2020-08-07 13:11:06.178318,2020-08-07,2,Unieuro,Android  ,Oppo,RX17 Neo Astral Blue,€189.00,€189.00,4   GB,128   GB,,Sì  ,,Blu  ,AMOLED  ,"6.41   """,No,3600   mAh,158.3   mm,75.5   mm,7.4   mm,156   g
337,2020-08-07 13:11:33.255506,2020-08-07,2,Unieuro,Android  ,LG,K50,€139.90,€139.90,3   GB,32   GB,Doppia SIM  ,Sì  ,Sì  ,Nero  ,IPS  ,"6.26   """,No,3500   mAh,161.3   mm,77   mm,8.7   mm,172   g
338,2020-08-07 13:12:13.209721,2020-08-07,2,Unieuro,Android  ,ASUS,ZenFone 6 ZS630KL,€479.00,€559.00,6   GB,128   GB,Doppia SIM  ,Sì  ,Si  ,Nero  ,IPS  ,"6.4   """,No,5000   mAh,159.1   mm,75.44   mm,9.1   mm,190   g
339,2020-08-07 13:12:49.045216,2020-08-07,2,Unieuro,Android  ,Xiaomi,Redmi 8,€163.00,€169.90,4   GB,64   GB,Doppia SIM  ,Sì  ,Sì  ,Nero  ,IPS  ,"6.22   """,No,5000   mAh,156.5   mm,75.4   mm,9.4   mm,188   g
340,2020-08-07 13:13:27.650759,2020-08-07,2,Unieuro,Android  ,Honor,10 Lite,€179.90,€179.90,3   GB,64   GB,Doppia SIM  ,Sì  ,Sì  ,Blu  ,LTPS  ,"6.21   """,No,3400   mAh,154.8   mm,73.64   mm,7.95   mm,162   g
341,2020-08-07 13:13:58.562517,2020-08-07,2,Unieuro,,Samsung,Galaxy S8 4G 64GB Gold,€329.90,€329.90,4   GB,64   GB,,Si  ,Si  ,Gold  ,SAMOLED  ,"5.8   """,No,3000   mAh,148.9   mm,68.1   mm,8   mm,155   g
342,2020-08-07 13:14:32.739147,2020-08-07,2,Unieuro,Android  ,Oppo,AX7,€169.00,€169.00,4   GB,64   GB,Doppia SIM  ,Sì  ,Sì  ,Blu  ,,"6.2   """,No,4230   mAh,155.9   mm,75.4   mm,8.1   mm,168   g
343,2020-08-07 13:15:01.630458,2020-08-07,2,Unieuro,Android  ,ASUS,ZenFone L1,€89.99,€89.99,,,Doppia SIM  ,Si  ,Si  ,Nero  ,IPS  ,"5.5   """,No,3000   mAh,147.26   mm,71.77   mm,8.15   mm,140   g
344,2020-08-07 13:15:35.464542,2020-08-07,2,Unieuro,Android  ,realme,X3 SuperZoom,€499.99,€499.99,12   GB,256   GB,Doppia SIM  ,Sì  ,,Blu  ,LED  ,"6.6   """,No,4200   mAh,202   mm,8.9   mm,163.8   mm,75.8   g
345,2020-08-07 13:16:05.752863,2020-08-07,2,Unieuro,Android  ,ASUS,ZenFone max pro M2 ZB631KL-4D087EU 16,€239.00,€319.99,6   GB,128   GB,Doppia SIM  ,Sì  ,Sì  ,Blu  ,IPS  ,"6.3   """,No,5000   mAh,157.9   mm,75.5   mm,8.5   mm,175   g
346,2020-08-07 13:16:44.858875,2020-08-07,2,Unieuro,Android  ,Honor,8A,€119.00,€149.90,3   GB,32   GB,,Sì  ,Sì  ,Nero  ,IPS  ,"6.09   """,TIM,3020   mAh,156.28   mm,73.5   mm,8   mm,150   g
347,2020-08-07 13:17:14.040479,2020-08-07,2,Unieuro,Android  ,Honor,9X,€189.00,€229.00,4   GB,128   GB,Dual SIM ibrida  ,Sì  ,Sì  ,Nero  ,IPS  ,"6.59   """,No,4000   mAh,163.5   mm,77.3   mm,8.8   mm,196.8   g
348,2020-08-07 13:17:49.178703,2020-08-07,2,Unieuro,Android  ,Huawei,nova 5T,€299.00,€339.00,6   GB,128   GB,Doppia SIM  ,Sì  ,Sì  ,Nero  ,IPS  ,"6.26   """,No,3750   mAh,154.25   mm,73.97   mm,7.87   mm,174   g
349,2020-08-07 13:18:24.247249,2020-08-07,2,Unieuro,Android  ,Xiaomi,Mi Note 10 Pro,€599.90,€599.90,8   GB,256   GB,Doppia SIM  ,Sì  ,Sì  ,Nero  ,AMOLED  ,"6.47   """,No,5260   mAh,157.8   mm,74.2   mm,9.67   mm,208   g
350,2020-08-07 13:19:11.358985,2020-08-07,2,Unieuro,,Asus,ZenFone 4 SIM singola 4G 64GB Nero,€199.90,€199.90,4   GB,64   GB,SIM singola  ,Si  ,Si  ,Nero  ,IPS  ,"5.5   """,TIM,3300   mAh,155.4   mm,75.2   mm,7.7   mm,155   g
351,2020-08-07 13:19:54.157990,2020-08-07,2,Unieuro,Android  ,Sony,Xperia XA1 Ultra,€149.90,€149.90,4   GB,32   GB,SIM singola  ,Sì  ,Sì  ,Bianco  ,IPS  ,"6   """,No,2700   mAh,165   mm,79   mm,8.1   mm,188   g
352,2020-08-07 13:20:48.653444,2020-08-07,2,Unieuro,Android  ,Huawei,P20,€249.00,€249.00,4   GB,128   GB,Doppia SIM  ,Sì  ,Sì  ,Nero  ,TFT-LCD  ,"5.8   """,No,3400   mAh,149.1   mm,70.8   mm,7.65   mm,165   g
353,2020-08-07 13:21:35.064412,2020-08-07,2,Unieuro,Android  ,Samsung,Galaxy S9 SM-G960F/DS,€329.00,€329.00,4   GB,64   GB,,Sì  ,Sì  ,Polaris Blu  ,SAMOLED  ,"5.8   """,No,3000   mAh,147.7   mm,68.7   mm,8.5   mm,163   g
354,2020-08-07 13:22:12.812206,2020-08-07,2,Unieuro,Android  ,LG,K50,€139.90,€139.90,3   GB,32   GB,Doppia SIM  ,Sì  ,Sì  ,Blu  ,IPS  ,"6.26   """,No,3500   mAh,161.3   mm,77   mm,8.7   mm,172   g
355,2020-08-07 13:22:57.101887,2020-08-07,2,Unieuro,Android  ,Huawei,Mate 20 Pro,€499.00,€499.00,6   GB,128   GB,,Sì  ,Sì  ,Midnight blue  ,OLED  ,"6.39   """,No,4200   mAh,157.8   mm,72.3   mm,8.6   mm,189   g
356,2020-08-07 13:23:35.682121,2020-08-07,2,Unieuro,Android  ,Huawei,Y7 2019,€149.90,€149.90,3   GB,32   GB,Doppia SIM  ,Sì  ,Sì  ,Blu  ,,"6.26   """,No,4000   mAh,158.92   mm,76.91   mm,8.95   mm,168   g
357,2020-08-07 13:24:03.746537,2020-08-07,2,Unieuro,Android  ,Honor,View 20,€599.00,€599.00,8   GB,256   GB,Doppia SIM  ,Sì  ,Sì  ,Blu  ,,"6.4   """,No,4000   mAh,156.9   mm,75.4   mm,8.1   mm,180   g
358,2020-08-07 13:24:27.621998,2020-08-07,2,Unieuro,Android  ,Honor,9X,€229.00,€229.00,4   GB,128   GB,Dual SIM ibrida  ,Sì  ,Sì  ,Blu  ,IPS  ,"6.59   """,No,4000   mAh,163.5   mm,77.3   mm,8.8   mm,196.8   g
359,2020-08-07 13:25:01.754216,2020-08-07,2,Unieuro,Android  ,Honor,Play 16,€179.00,€179.00,4   GB,64   GB,Dual SIM ibrida  ,Sì  ,Sì  ,Blu  ,IPS  ,"6.3   """,No,3750   mAh,157.91   mm,74.27   mm,7.48   mm,176   g
360,2020-08-07 13:25:36.895099,2020-08-07,2,Unieuro,Android  ,Honor,Play 6.3 Dual SIM Nero,€179.00,€179.00,4   GB,64   GB,Dual SIM ibrida  ,Si  ,Si  ,Nero  ,IPS  ,"6.3   """,No,3750   mAh,157.91   mm,74.27   mm,7.48   mm,176   g
361,2020-08-07 13:26:27.435059,2020-08-07,2,Unieuro,Android  ,Xiaomi,Mi 9,€329.00,€329.00,6   GB,128   GB,Doppia SIM  ,Sì  ,Sì  ,Blu  ,AMOLED  ,"6.39   """,No,3300   mAh,157.5   mm,74.67   mm,7.61   mm,173   g
362,2020-08-07 13:27:05.258758,2020-08-07,2,Unieuro,Android  ,Huawei,P20 Pro,€329.00,€329.00,6   GB,128   GB,,Sì  ,Sì  ,Blu  ,OLED  ,"6.1   """,Vodafone,4000   mAh,155   mm,73.9   mm,7.8   mm,180   g
363,2020-08-07 13:28:02.061501,2020-08-07,2,Unieuro,Android  ,Xiaomi,Mi 9 lite,€249.90,€249.90,6   GB,64   GB,Doppia SIM  ,Sì  ,Sì  ,Grigio  ,AMOLED  ,"6.39   """,No,4030   mAh,156.8   mm,74.5   mm,8.67   mm,179   g
364,2020-08-07 13:28:31.329779,2020-08-07,2,Unieuro,Android  ,Xiaomi,Mi 9 Lite,€249.90,€249.90,6   GB,128   GB,,Sì  ,Sì  ,Blu  ,AMOLED  ,"6.39   """,Vodafone,4030   mAh,156.6   mm,74.5   mm,8.67   mm,179   g
365,2020-08-07 13:29:01.707260,2020-08-07,2,Unieuro,Android  ,Huawei,P20 Pro,€329.00,€329.00,6   GB,128   GB,Doppia SIM  ,Sì  ,Sì  ,Nero  ,AMOLED  ,"6.1   """,No,4000   mAh,155   mm,73.9   mm,7.8   mm,180   g
366,2020-08-07 13:29:55.081540,2020-08-07,2,Unieuro,Android  ,Samsung,Galaxy A40 15,€219.00,€219.00,4   GB,64   GB,Doppia SIM  ,Sì  ,Sì  ,Corallo  ,SAMOLED  ,"5.9   """,TIM,3100   mAh,144.4   mm,69.2   mm,7.9   mm,140   g
367,2020-08-07 13:30:34.828657,2020-08-07,2,Unieuro,Android  ,Samsung,Galaxy A9 (2018) A9,€299.90,€299.90,6   GB,128   GB,Doppia SIM  ,Sì  ,Sì  ,Nero  ,SAMOLED  ,"6.3   """,No,3800   mAh,162.5   mm,77   mm,7.8   mm,183   g
368,2020-08-07 13:31:19.938207,2020-08-07,2,Unieuro,Android  ,Oppo,A3 Moonlight Silver,€169.00,€169.00,4   GB,128   GB,Doppia SIM  ,Sì  ,Sì  ,Argento  ,,"6.2   """,No,3400   mAh,156   mm,75.3   mm,7.8   mm,159   g
369,2020-08-07 13:31:45.936094,2020-08-07,2,Unieuro,Android  ,Oppo,A3 Diamond Black,€169.00,€169.00,4   GB,128   GB,Doppia SIM  ,Sì  ,Sì  ,Nero  ,,"6.2   """,No,3400   mAh,156   mm,75.3   mm,7.8   mm,159   g
370,2020-08-07 13:32:12.900196,2020-08-07,2,Unieuro,Android  ,V30,,€199.90,€199.90,4   GB,64   GB,SIM singola  ,Sì  ,Sì  ,Blu  ,OLED  ,"6   """,Vodafone,3300   mAh,151.7   mm,75.4   mm,7.3   mm,158   g
371,2020-08-07 13:33:05.963239,2020-08-07,2,Unieuro,,Huawei,P20 Lite,€219.90,€219.90,4   GB,64   GB,SIM doppia  ,Si  ,Si  ,Nero  ,TFT-LCD  ,"5.84   """,No,3000   mAh,148.6   mm,71.2   mm,7.4   mm,145   g
372,2020-08-07 13:33:51.655977,2020-08-07,2,Unieuro,,Samsung,Galaxy S7 Black 32GB Nero,€179.90,€179.90,,32   GB,Single SIM  ,,Si  ,Nero  ,SAMOLED  ,"5.1   """,No,3000   mAh,142.4   mm,69.6   mm,7.9   mm,152   g
373,2020-08-07 13:34:16.530203,2020-08-07,2,Unieuro,Android  ,Samsung,Galaxy A40 15,€219.00,€219.00,4   GB,64   GB,Doppia SIM  ,Sì  ,Sì  ,Nero  ,SAMOLED  ,"5.9   """,No,3100   mAh,144.4   mm,69.2   mm,7.9   mm,140   g
374,2020-08-07 13:34:54.996818,2020-08-07,2,Unieuro,Android  ,Honor,7X,€149.90,€149.90,4   GB,64   GB,Dual SIM ibrida  ,Sì  ,Sì  ,"Nero, Grigio  ",IPS  ,"5.93   """,No,3340   mAh,156.5   mm,75.3   mm,7.6   mm,165   g
375,2020-08-07 13:35:41.937683,2020-08-07,2,Unieuro,Android  ,Wiko,Y60,€69.99,€69.99,1   GB,16   GB,Doppia SIM  ,Sì  ,Sì  ,Oro  ,,"5.45   """,No,2500   mAh,146.8   mm,71.8   mm,9.3   mm,177.7   g
376,2020-08-07 13:36:08.725228,2020-08-07,2,Unieuro,Android  ,Wiko,Y60,€69.99,€69.99,1   GB,16   GB,Doppia SIM  ,Sì  ,Sì  ,Blu  ,,"5.45   """,No,2500   mAh,146.8   mm,71.8   mm,9.3   mm,177.7   g
377,2020-08-07 13:36:32.799776,2020-08-07,2,Unieuro,Android  ,Wiko,View2,€99.99,€99.99,3   GB,32   GB,Dual SIM ibrida  ,Sì  ,Sì  ,Oro  ,IPS  ,"6   """,No,3000   mAh,154.5   mm,72   mm,8.3   mm,153   g
378,2020-08-07 13:37:04.098563,2020-08-07,2,Unieuro,Android  ,Wiko,View2,€99.99,€99.99,3   GB,32   GB,Dual SIM ibrida  ,Sì  ,Sì  ,Anthracite  ,IPS  ,"6   """,No,3000   mAh,154.5   mm,72   mm,8.3   mm,153   g
379,2020-08-07 13:37:44.634633,2020-08-07,2,Unieuro,,Samsung,Galaxy S8 64GB Orchid Gray,€399.90,€399.90,4   GB,64   GB,SIM singola  ,Si  ,Si  ,Grigio  ,SAMOLED  ,"5.8   """,Tim,3000   mAh,148.9   mm,68.1   mm,8   mm,155   g
380,2020-08-07 13:38:26.003582,2020-08-07,2,Unieuro,,Samsung,Galaxy S8 64GB Blu,€399.90,€399.90,4   GB,64   GB,,Si  ,Si  ,Blu  ,SAMOLED  ,"5.8   """,TIM,3000   mAh,148.9   mm,68.1   mm,8   mm,155   g
381,2020-08-07 13:39:07.441465,2020-08-07,2,Unieuro,,Samsung,Galaxy S8+ 4G 64GB Orchid grey,€399.00,€399.00,4   GB,64   GB,SIM singola  ,Si  ,Si  ,Orchid grey  ,SAMOLED  ,"6.2   """,No,3500   mAh,159.5   mm,73.4   mm,8.1   mm,173   g
382,2020-08-07 13:39:46.495074,2020-08-07,2,Unieuro,,Samsung,Galaxy S8+ 4G 64GB Arctic silver,€399.00,€399.00,4   GB,64   GB,SIM singola  ,Si  ,Si  ,Arctic silver  ,SAMOLED  ,"6.2   """,No,3500   mAh,159.5   mm,73.4   mm,8.1   mm,173   g
383,2020-08-07 13:40:25.063222,2020-08-07,2,Unieuro,,Samsung,Galaxy S8+ 4G 64GB Midnight black,€399.00,€399.00,4   GB,64   GB,SIM singola  ,Si  ,Si  ,Midnight black  ,SAMOLED  ,"6.2   """,No,3500   mAh,159.5   mm,73.4   mm,8.1   mm,173   g
384,2020-08-07 13:41:01.262926,2020-08-07,2,Unieuro,,Honor,9 Lite,€199.90,€199.90,4   GB,64   GB,Dual SIM ibrida  ,Si  ,Si  ,Nero  ,IPS  ,"5.65   """,No,3000   mAh,151   mm,71.9   mm,7.6   mm,149   g
385,2020-08-07 13:41:29.506077,2020-08-07,2,Unieuro,Android  ,Honor,10,€199.00,€199.00,4   GB,64   GB,Doppia SIM  ,Si  ,Si  ,Nero  ,IPS  ,"5.84   """,No,3400   mAh,149.6   mm,71.2   mm,7.7   mm,153   g
386,2020-08-07 13:42:23.624466,2020-08-07,2,Unieuro,Android  ,Xiaomi,Mi 9,€329.00,€329.00,6   GB,128   GB,Doppia SIM  ,Sì  ,Sì  ,Nero  ,AMOLED  ,"6.39   """,No,3300   mAh,157.5   mm,74.67   mm,7.61   mm,173   g
387,2020-08-07 13:43:05.237680,2020-08-07,2,Unieuro,Android  ,Samsung,Galaxy J6+ J6+,€129.00,€129.00,3   GB,32   GB,SIM singola  ,Sì  ,Sì  ,Grigio  ,TFT  ,"6   """,No,3300   mAh,161.4   mm,76.9   mm,7.9   mm,178   g
388,2020-08-07 13:43:47.642740,2020-08-07,2,Unieuro,Android  ,Samsung,Galaxy J6+ SM-J610,€129.90,€129.90,3   GB,32   GB,SIM Singola  ,Si  ,Si  ,Nero  ,TFT  ,"6   """,No,3300   mAh,161.4   mm,76.9   mm,7.9   mm,178   g
389,2020-08-07 13:44:17.228238,2020-08-07,2,Unieuro,Android  ,Samsung,Galaxy J4+,€119.90,€119.90,2   GB,32   GB,Doppia SIM  ,Sì  ,Sì  ,Rosa  ,TFT  ,"6   """,No,3300   mAh,161.4   mm,76.9   mm,7.9   mm,178   g
390,2020-08-07 13:44:58.865647,2020-08-07,2,Unieuro,Android  ,Oppo,RX17 Neo Mocha Red,€189.00,€189.00,4   GB,128   GB,,Sì  ,,Rosso  ,AMOLED  ,"6.41   """,No,3600   mAh,158.3   mm,75.5   mm,7.4   mm,156   g
391,2020-08-07 13:45:29.068342,2020-08-07,2,Unieuro,Android  ,Huawei,Mate 20 lite,€199.00,€199.00,4   GB,64   GB,Dual SIM ibrida  ,Sì  ,Sì  ,Blu  ,IPS  ,"6.3   """,No,3750   mAh,158.3   mm,75.3   mm,7.6   mm,172   g
392,2020-08-07 13:46:03.248300,2020-08-07,2,Unieuro,Android  ,Huawei,Mate 20 lite,€199.00,€199.00,4   GB,64   GB,Dual SIM ibrida  ,Si  ,Si  ,Nero  ,IPS  ,"6.3   """,No,3750   mAh,158.3   mm,75.3   mm,7.6   mm,172   g
393,2020-08-07 13:46:28.856012,2020-08-07,2,Unieuro,Android  ,Huawei,Y6 2018,€89.90,€89.90,2   GB,16   GB,Doppia SIM  ,Sì  ,Sì  ,Oro  ,IPS  ,"5.7   """,TIM,3000   mAh,152.4   mm,73   mm,7.8   mm,150   g
394,2020-08-07 13:47:02.951168,2020-08-07,2,Unieuro,Android  ,Samsung,Galaxy A6+ A6+ Dual SIM,€199.90,€199.90,3   GB,32   GB,Doppia SIM  ,Sì  ,Sì  ,Nero  ,SAMOLED  ,"6   """,No,3500   mAh,160.2   mm,75.7   mm,7.9   mm,191   g
395,2020-08-07 13:47:55.927856,2020-08-07,2,Unieuro,Android  ,Samsung,Galaxy A6 Dual SIM,€179.90,€179.90,3   GB,32   GB,Doppia SIM  ,Sì  ,Sì  ,Lavanda  ,SAMOLED  ,"5.6   """,No,3000   mAh,149.9   mm,70.8   mm,7.7   mm,162   g
396,2020-08-07 13:48:41.796908,2020-08-07,2,Unieuro,Android  ,Xiaomi,Mi A3,€199.90,€199.90,4   GB,64   GB,Doppia SIM  ,Sì  ,Sì  ,Bianco  ,AMOLED  ,"6.088   """,No,4030   mAh,153.48   mm,71.85   mm,8.475   mm,173.8   g
397,2020-08-07 13:49:17.995607,2020-08-07,2,Unieuro,Android  ,Xiaomi,Mi A3,€199.90,€199.90,4   GB,64   GB,Doppia SIM  ,Sì  ,Sì  ,Grigio  ,AMOLED  ,"6.088   """,No,4030   mAh,153.48   mm,71.85   mm,8.475   mm,173.8   g
398,2020-08-07 13:49:50.576607,2020-08-07,2,Unieuro,Android  ,Xiaomi,Mi A3,€199.90,€199.90,4   GB,64   GB,Doppia SIM  ,Sì  ,Sì  ,Blu  ,AMOLED  ,"6.088   """,No,4030   mAh,153.48   mm,71.85   mm,8.475   mm,173.8   g
399,2020-08-07 13:50:29.590882,2020-08-07,2,Unieuro,Android  ,Samsung,Galaxy A9 (2018) 16,€279.00,€279.00,6   GB,128   GB,,Sì  ,Sì  ,Blu  ,SAMOLED  ,"6.3   """,TIM,3800   mAh,162.5   mm,77   mm,7.8   mm,183   g
400,2020-08-07 13:51:15.886700,2020-08-07,2,Unieuro,Android  ,Samsung,Galaxy J6,€99.90,€99.90,3   GB,32   GB,Doppia SIM  ,Sì  ,,Nero  ,SAMOLED  ,"5.6   """,No,3000   mAh,149.3   mm,70.2   mm,8.2   mm,154   g
401,2020-08-07 13:51:44.094689,2020-08-07,2,Unieuro,Android  ,Oppo,Reno Z,€219.00,€219.00,4   GB,128   GB,Doppia SIM  ,Sì  ,Sì  ,Porpora  ,AMOLED  ,"6.4   """,No,4035   mAh,157.3   mm,74.9   mm,9.1   mm,186   g
402,2020-08-07 13:52:20.104665,2020-08-07,2,Unieuro,Android  ,Oppo,Reno Z,€219.00,€219.00,4   GB,128   GB,Doppia SIM  ,Sì  ,Sì  ,Nero  ,AMOLED  ,"6.4   """,No,4035   mAh,157.3   mm,74.9   mm,9.1   mm,186   g
403,2020-08-07 13:52:51.926173,2020-08-07,2,Unieuro,Android  ,Honor,7X,€149.90,€149.90,4   GB,64   GB,Dual SIM ibrida  ,Sì  ,Sì  ,"Nero, Blu  ",IPS  ,"5.93   """,No,3340   mAh,156.5   mm,75.3   mm,7.6   mm,165   g
404,2020-08-07 13:53:33.132667,2020-08-07,2,Unieuro,Android  ,Wiko,Sunny 3,€59.99,€59.99,0.5   GB,8   GB,Doppia SIM  ,Sì  ,Sì  ,Rosso  ,TN  ,"5   """,No,2000   mAh,146.7   mm,74   mm,9.95   mm,140   g
405,2020-08-07 13:54:00.666072,2020-08-07,2,Unieuro,Android  ,Wiko,Sunny 3,€59.99,€59.99,0.512   GB,8   GB,Doppia SIM  ,Sì  ,Sì  ,Nero  ,TN  ,"5   """,No,2000   mAh,146.7   mm,74   mm,9.95   mm,140   g
406,2020-08-07 13:54:26.182243,2020-08-07,2,Unieuro,Android  ,Samsung,Galaxy J6,€129.90,€129.90,3   GB,32   GB,Doppia SIM  ,Sì  ,,"Nero, Oro  ",SAMOLED  ,"5.6   """,No,3000   mAh,149.3   mm,70.2   mm,8.2   mm,154   g
407,2020-08-07 13:54:59.733760,2020-08-07,2,Unieuro,Android  ,Samsung,Galaxy Xcover 4,€219.90,€219.90,2   GB,16   GB,SIM singola  ,Sì  ,Sì  ,Nero  ,TFT  ,"5   """,No,2800   mAh,146.2   mm,73.3   mm,9.7   mm,172   g
408,2020-08-07 13:55:36.225567,2020-08-07,2,Unieuro,Android  ,Honor,7S,€99.90,€99.90,2   GB,16   GB,Doppia SIM  ,Sì  ,Sì  ,Blu  ,IPS  ,"5.45   """,No,3020   mAh,146.5   mm,70.9   mm,8.3   mm,142   g
409,2020-08-07 13:56:05.163085,2020-08-07,2,Unieuro,Android  ,ASUS,ROG Phone II ZS660KL-1A050EU,€699.00,€699.00,8   GB,128   GB,Doppia SIM  ,Sì  ,Sì  ,Nero  ,AMOLED  ,"6.59   """,No,6000   mAh,170.99   mm,77.6   mm,9.48   mm,240   g
410,2020-08-07 13:56:47.465525,2020-08-07,2,Unieuro,Android  ,Wiko,upulse 14,€99.99,€99.99,3   GB,32   GB,Doppia SIM  ,Sì  ,Sì  ,Rosso  ,IPS  ,"5.5   """,No,3000   mAh,153.5   mm,77.5   mm,8.5   mm,167   g
411,2020-08-07 13:57:30.556335,2020-08-07,2,Unieuro,Android  ,Wiko,View 2 Pro,€139.99,€139.99,4   GB,64   GB,Dual SIM ibrida  ,Sì  ,Sì  ,Antracite  ,IPS  ,"6   """,No,3000   mAh,153   mm,72.6   mm,8.3   mm,164   g
412,2020-08-07 13:58:12.204571,2020-08-07,2,Unieuro,Android  ,Nokia,2.2,€109.99,€109.99,2   GB,16   GB,,Sì  ,Sì  ,Nero  ,TFT  ,"5.71   """,No,3000   mAh,145.96   mm,70.56   mm,9.3   mm,153   g
413,2020-08-07 13:58:37.144536,2020-08-07,2,Unieuro,,Huawei,Y 6 2018,€79.90,€79.90,2   GB,16   GB,SIM singola  ,Si  ,Si  ,Nero  ,,"5.7   """,Vodafone,3000   mAh,152.4   mm,73   mm,7.8   mm,150   g
414,2020-08-07 13:59:00.437435,2020-08-07,2,Unieuro,Android  ,Huawei,Y6,€119.90,€119.90,2   GB,16   GB,Doppia SIM  ,Sì  ,Sì  ,Nero  ,,"5.7   """,No,3000   mAh,152.4   mm,73   mm,7.8   mm,150   g
415,2020-08-07 13:59:20.468597,2020-08-07,2,Unieuro,Android  ,Xiaomi,Mi 8 lite,€159.90,€159.90,4   GB,64   GB,Doppia SIM  ,Sì  ,Sì  ,Nero  ,,"6.26   """,No,3350   mAh,156.4   mm,75.8   mm,7.5   mm,169   g
416,2020-08-07 13:59:58.432035,2020-08-07,2,Unieuro,Android  ,Wiko,Lenny 5,€69.00,€69.00,1   GB,16   GB,Doppia SIM  ,Sì  ,Sì  ,Antracite  ,IPS  ,"5.7   """,No,2800   mAh,153.5   mm,74   mm,9.2   mm,185   g
417,2020-08-07 14:00:32.511431,2020-08-07,2,Unieuro,Android  ,Wiko,Harry2,€79.99,€79.99,2   GB,16   GB,Doppia SIM  ,Sì  ,Sì  ,Turchese  ,IPS  ,"5.45   """,No,2900   mAh,147.6   mm,71.3   mm,8.4   mm,150   g
418,2020-08-07 14:01:18.579501,2020-08-07,2,Unieuro,Android  ,Huawei,Mate 20 Pro,€499.00,€499.00,6   GB,128   GB,,Sì  ,Sì  ,Nero  ,OLED  ,"6.39   """,No,4200   mAh,157.8   mm,72.3   mm,8.6   mm,189   g
419,2020-08-07 14:01:57.708146,2020-08-07,2,Unieuro,Android  ,LG,K40,€119.90,€119.90,2   GB,32   GB,Doppia SIM  ,Sì  ,Sì  ,Grigio  ,IPS  ,"5.7   """,No,3000   mAh,153   mm,71.9   mm,8.3   mm,144   g
420,2020-08-07 14:02:34.392209,2020-08-07,2,Unieuro,Android  ,Sony,Xperia E5,€79.90,€79.90,1.5   GB,16   GB,SIM singola  ,Sì  ,Sì  ,Nero  ,IPS  ,"5   """,No,2300   mAh,144   mm,69   mm,8.2   mm,147   g
421,2020-08-07 14:03:10.315410,2020-08-07,2,Unieuro,Android  ,LG,K9,€79.90,€79.90,2   GB,16   GB,Doppia SIM  ,Sì  ,Sì  ,Nero  ,IPS  ,"5   """,Vodafone,2500   mAh,146.3   mm,73.2   mm,8.2   mm,152   g
422,2020-08-07 14:03:49.407069,2020-08-07,2,Unieuro,,Huawei,Mate 10 Lite 4G 64GB Nero,€179.90,€179.90,4   GB,64   GB,,Si  ,Si  ,Nero  ,IPS  ,"5.9   """,TIM,3340   mAh,156.2   mm,75.2   mm,7.5   mm,164   g
423,2020-08-07 14:04:23.301622,2020-08-07,2,Unieuro,Android  ,Wiko,View3,€139.99,€139.99,3   GB,64   GB,Doppia SIM  ,Sì  ,Sì  ,Blu  ,IPS  ,"6.26   """,No,4000   mAh,159   mm,76.5   mm,8.2   mm,178   g
424,2020-08-07 14:04:56.859433,2020-08-07,2,Unieuro,Linux  ,Nokia,8110,€79.99,€79.99,0.5   GB,4   GB,Doppia SIM  ,Sì  ,Sì  ,Nero  ,,"2.45   """,No,1500   mAh,133.45   mm,49.3   mm,14.9   mm,117   g
425,2020-08-07 14:05:23.091869,2020-08-07,2,Unieuro,Android  ,LG,G7 Fit,€159.90,€159.90,4   GB,32   GB,Doppia SIM  ,Sì  ,Sì  ,Nero  ,IPS  ,"6.1   """,No,3000   mAh,153.2   mm,71.9   mm,7.9   mm,160   g
426,2020-08-07 14:06:05.016705,2020-08-07,2,Unieuro,Android  ,Archos,Access 50 3G,€39.00,€39.00,1   GB,8   GB,Doppia SIM  ,Sì  ,,Nero  ,TN  ,"5   """,No,2000   mAh,143.7   mm,70.9   mm,9.5   mm,
427,2020-08-07 14:06:25.604452,2020-08-07,2,Unieuro,Android  ,Xiaomi,Redmi 6A,€99.90,€99.90,2   GB,16   GB,Doppia SIM  ,Sì  ,Sì  ,Nero  ,,"5.45   """,No,3000   mAh,147.5   mm,71.5   mm,8.3   mm,145   g
428,2020-08-07 14:06:49.668416,2020-08-07,2,Unieuro,Android  ,Wiko,Sunny 3 Mini,€54.99,€54.99,0.512   GB,8   GB,Doppia SIM  ,Sì  ,Sì  ,Nero  ,TN  ,"4   """,No,1400   mAh,125   mm,64.6   mm,10.3   mm,113   g
429,2020-08-07 14:07:18.674745,2020-08-07,2,Unieuro,,Huawei,Y 6 2018,€89.90,€89.90,2   GB,16   GB,SIM singola  ,Si  ,Si  ,Nero  ,,"5.7   """,TIM,3000   mAh,152.4   mm,73   mm,7.8   mm,150   g
430,2020-08-07 14:07:45.780125,2020-08-07,2,Unieuro,Android  ,Motorola,Razr,€1599.90,€1599.90,6   GB,128   GB,SIM singola  ,Sì  ,Sì  ,Nero  ,P-OLED  ,"6.2   """,TIM,2510   mAh,172   mm,72   mm,6.9   mm,205   g
431,2020-08-07 14:08:13.821090,2020-08-07,2,Unieuro,Android  ,Samsung,Galaxy A10,€159.99,€159.99,2   GB,32   GB,Doppia SIM  ,Sì  ,Sì  ,Nero  ,TFT  ,"6.2   """,No,3400   mAh,155.6   mm,75.6   mm,7.9   mm,168   g
432,2020-08-07 14:08:54.469890,2020-08-07,2,Unieuro,Android  ,Y5,2019,€99.00,€99.00,2   GB,16   GB,Doppia SIM  ,Sì  ,Sì  ,Blu  ,IPS  ,"5.71   """,Vodafone,3020   mAh,147.13   mm,70.78   mm,8.45   mm,146   g
433,2020-08-07 14:09:22.206780,2020-08-07,2,Unieuro,Android  ,LG,Q7 14,€139.99,€139.99,3   GB,32   GB,Doppia SIM  ,Sì  ,Sì  ,Nero  ,IPS  ,"5.5   """,Vodafone,3000   mAh,143.8   mm,69.3   mm,8.4   mm,145   g
434,2020-08-07 14:09:59.970915,2020-08-07,2,Unieuro,,Huawei,P20 Lite,€219.90,€219.90,4   GB,64   GB,SIM singola  ,Si  ,Si  ,"Nero, Blu  ",TFT-LCD  ,"5.84   """,No,3000   mAh,148.6   mm,71.2   mm,7.4   mm,145   g
435,2020-08-07 14:10:44.578305,2020-08-07,2,Unieuro,,Samsung,Galaxy A6 32,€169.00,€169.00,3   GB,32   GB,SIM singola  ,Si  ,Si  ,Nero  ,SAMOLED  ,"5.6   """,Vodafone,3000   mAh,149.9   mm,70.8   mm,7.7   mm,162   g
436,2020-08-07 14:11:24.730584,2020-08-07,2,Unieuro,Android  ,Nokia,3.1,€129.00,€129.00,2   GB,16   GB,,Sì  ,Sì  ,Black  ,IPS  ,"5.2   """,No,2990   mAh,146.25   mm,68.65   mm,8.7   mm,138.3   g
437,2020-08-07 14:11:58.765994,2020-08-07,2,Unieuro,Android  ,LG,Q Stylus,€159.99,€159.99,3   GB,32   GB,SIM singola  ,Sì  ,Sì  ,Nero  ,IPS  ,"6.2   """,No,3300   mAh,160.15   mm,77.75   mm,8.4   mm,172   g
438,2020-08-07 14:12:31.123444,2020-08-07,2,Unieuro,Android  ,ASUS,ZenFone 3 ZC553KL-4G032WW 14,€99.99,€99.99,3   GB,32   GB,Doppia SIM  ,Sì  ,Sì  ,Oro  ,IPS  ,"5.5   """,No,4100   mAh,151.4   mm,76.24   mm,8.3   mm,175   g
439,2020-08-07 14:12:55.512966,2020-08-07,2,Unieuro,Android  ,ASUS,ROG Phone 3,€1099.00,€1099.00,16   GB,512   GB,Doppia SIM  ,Sì  ,,Nero  ,AMOLED  ,"6.59   """,No,6000   mAh,171   mm,78   mm,9.85   mm,240   g
440,2020-08-07 14:13:24.153561,2020-08-07,2,Unieuro,Android  ,ASUS,ROG Phone 3,€999.00,€999.00,12   GB,512   GB,Doppia SIM  ,Sì  ,,Nero  ,AMOLED  ,"6.59   """,No,6000   mAh,171   mm,78   mm,9.85   mm,240   g
441,2020-08-07 14:13:50.626826,2020-08-07,2,Unieuro,Android  ,Archos,Access 57 (4G),€59.00,€59.00,1   GB,16   GB,Doppia SIM  ,Sì  ,,Blu  ,TN  ,"5.7   """,No,2400   mAh,157   mm,74.9   mm,10.2   mm,171   g
